distance-to-solar-noon,humidity,sky-cover,average-wind-speed-(period),wind-direction,average-pressure-(period)
0.859897172,75.0,0,8.0,28,29.82
0.628534704,77.0,0,5.0,28,29.85
0.397172237,70.0,0,0.0,28,29.89
0.165809769,36.5,0,0.0,28,29.91
0.065552699,36.5,0,3.0,28,29.89
0.296915167,36.5,0,23.0,28,29.85
0.528277635,36.5,0,15.0,28,29.83
0.759640103,49.0,0,6.0,28,29.86
0.8621134020000001,67.0,0,6.0,29,29.86
0.630154639,49.0,0,0.0,29,29.87
0.398195876,54.0,0,0.0,29,29.9
0.166237113,64.0,0,0.0,29,29.92
0.065721649,36.5,0,9.0,29,29.88
0.297680412,36.5,0,18.0,29,29.84
0.529639175,65.0,0,11.0,29,29.84
0.761597938,75.0,0,5.0,29,29.85
0.86545925,72.0,0,6.0,29,29.84
0.6326002589999999,78.0,0,6.0,29,29.86
0.399741268,63.0,0,0.0,29,29.88
0.166882277,69.0,0,3.0,29,29.88
0.065976714,36.5,0,10.0,29,29.84
0.298835705,36.5,0,20.0,29,29.81
0.531694696,53.0,0,14.0,29,29.81
0.764553687,70.0,0,6.0,29,29.85
0.86770428,73.0,0,0.0,30,29.83
0.634241245,78.0,0,6.0,30,29.82
0.40077821,70.0,0,0.0,30,29.84
0.167315175,64.0,0,3.0,30,29.85
0.06614786,62.0,0,6.0,30,29.79
0.299610895,36.5,0,15.0,30,29.75
0.53307393,36.5,0,17.0,30,29.74
0.766536965,36.5,0,5.0,30,29.77
0.869791667,53.0,0,3.0,29,29.77
0.635416667,70.0,0,7.0,29,29.76
0.4010416670000001,61.0,0,0.0,29,29.8
0.166666667,64.0,0,3.0,29,29.82
0.067708333,49.0,0,5.0,29,29.78
0.302083333,36.5,0,22.0,29,29.75
0.536458333,51.0,0,15.0,29,29.76
0.770833333,37.0,0,8.0,29,29.79
0.870925684,57.0,1,6.0,30,29.78
0.636245111,73.0,1,3.0,30,29.78
0.4015645370000001,52.0,1,3.0,30,29.81
0.166883963,66.0,1,3.0,30,29.82
0.06779661,36.5,0,16.0,30,29.79
0.302477184,39.0,0,18.0,30,29.75
0.537157757,57.0,0,14.0,30,29.74
0.771838331,65.0,0,8.0,30,29.76
0.8730366490000001,81.0,1,8.0,29,29.76
0.637434555,87.0,1,7.0,29,29.74
0.401832461,84.0,1,8.0,29,29.76
0.166230366,68.0,1,14.0,29,29.77
0.069371728,61.0,1,22.0,29,29.73
0.304973822,70.0,1,25.0,29,29.71
0.540575916,87.0,1,22.0,29,29.73
0.77617801,90.0,1,13.0,29,29.75
0.8753280840000001,90.0,3,7.0,31,29.76
0.639107612,87.0,4,5.0,31,29.75
0.402887139,87.0,4,0.0,31,29.77
0.166666667,73.0,1,5.0,31,29.78
0.069553806,59.0,1,10.0,31,29.75
0.305774278,61.0,1,14.0,31,29.7
0.541994751,73.0,1,6.0,31,29.72
0.778215223,87.0,1,6.0,31,29.75
0.8787878790000001,84.0,3,7.0,21,29.76
0.6416337289999999,78.0,3,7.0,21,29.75
0.4044795779999999,81.0,4,8.0,21,29.78
0.167325428,73.0,4,5.0,21,29.8
0.069828722,63.0,1,15.0,21,29.76
0.306982872,68.0,1,20.0,21,29.74
0.544137022,78.0,1,7.0,21,29.74
0.781291173,81.0,3,13.0,21,29.76
0.880952381,81.0,3,7.0,28,29.76
0.642857143,81.0,4,7.0,28,29.77
0.404761905,78.0,4,7.0,28,29.8
0.166666667,68.0,3,3.0,28,29.84
0.071428571,59.0,1,16.0,28,29.81
0.30952381,63.0,1,18.0,28,29.8
0.5476190479999999,81.0,1,15.0,28,29.82
0.7857142859999999,84.0,1,8.0,28,29.85
0.883289125,87.0,2,10.0,29,29.85
0.644562334,87.0,4,3.0,29,29.85
0.405835544,84.0,4,3.0,29,29.87
0.167108753,73.0,2,3.0,29,29.87
0.071618037,68.0,1,21.0,29,29.84
0.310344828,75.0,1,23.0,29,29.81
0.5490716179999999,87.0,1,18.0,29,29.83
0.787798408,87.0,1,10.0,29,29.86
0.8868175770000001,90.0,3,13.0,28,29.87
0.64713715,83.0,3,8.0,28,29.87
0.407456724,86.0,4,5.0,28,29.9
0.167776298,81.0,4,7.0,28,29.93
0.071904128,68.0,1,16.0,28,29.88
0.3115845539999999,73.0,1,21.0,28,29.85
0.55126498,80.0,3,13.0,28,29.88
0.790945406,86.0,3,9.0,28,29.9
0.8866666670000001,80.0,3,8.0,29,29.9
0.6466666670000001,80.0,4,6.0,29,29.87
0.406666667,83.0,4,5.0,29,29.9
0.166666667,72.0,4,3.0,29,29.93
0.073333333,61.0,2,16.0,29,29.89
0.313333333,65.0,2,17.0,29,29.86
0.553333333,81.0,1,14.0,29,29.89
0.793333333,83.0,1,7.0,29,29.93
0.890227577,83.0,4,5.0,29,29.94
0.649263722,87.0,4,3.0,29,29.94
0.408299866,84.0,4,5.0,29,29.97
0.167336011,73.0,3,7.0,29,30.0
0.073627845,63.0,1,15.0,29,29.96
0.3145917,68.0,1,21.0,29,29.94
0.5555555560000001,78.0,1,18.0,29,29.97
0.7965194109999999,83.0,1,13.0,29,29.99
0.89261745,86.0,3,9.0,28,29.99
0.651006711,87.0,4,7.0,28,29.97
0.4093959729999999,90.0,4,7.0,28,30.01
0.167785235,78.0,3,5.0,28,30.01
0.073825503,63.0,1,16.0,28,29.95
0.315436242,70.0,1,22.0,28,29.92
0.55704698,83.0,1,18.0,28,29.94
0.798657718,90.0,1,13.0,28,29.96
0.894878706,90.0,2,11.0,28,29.97
0.652291105,83.0,3,9.0,28,29.96
0.409703504,83.0,4,9.0,28,29.97
0.167115903,72.0,3,7.0,28,29.98
0.075471698,63.0,1,21.0,28,29.94
0.3180592989999999,67.0,2,20.0,28,29.92
0.5606469000000001,80.0,1,14.0,28,29.95
0.8032345009999999,78.0,2,11.0,28,29.99
0.897297297,75.0,4,10.0,24,30.0
0.6540540539999999,72.0,4,7.0,24,29.99
0.410810811,70.0,4,3.0,24,30.03
0.167567568,63.0,4,10.0,24,30.07
0.075675676,52.0,2,10.0,24,30.04
0.3189189189999999,54.0,0,17.0,24,30.01
0.562162162,70.0,0,9.0,24,30.0
0.805405405,72.0,0,6.0,24,30.01
0.900949796,78.0,1,6.0,26,30.01
0.656716418,86.0,1,0.0,26,29.99
0.412483039,83.0,1,0.0,26,30.02
0.168249661,56.0,1,10.0,26,30.05
0.0759837179999999,49.0,0,15.0,26,30.02
0.320217096,51.0,0,15.0,26,29.98
0.564450475,65.0,1,8.0,26,29.96
0.808683853,67.0,0,6.0,26,29.98
0.902040816,78.0,1,3.0,21,29.99
0.6571428570000001,80.0,1,5.0,21,29.98
0.4122448979999999,80.0,1,3.0,21,29.99
0.167346939,63.0,1,9.0,21,30.0
0.07755102,61.0,3,9.0,21,29.98
0.32244898,63.0,4,10.0,21,29.97
0.567346939,81.0,4,11.0,21,29.98
0.812244898,81.0,3,6.0,21,29.99
0.904502046,87.0,4,8.0,28,30.01
0.65893588,90.0,4,8.0,28,30.01
0.413369714,84.0,4,6.0,28,30.03
0.167803547,70.0,4,9.0,28,30.05
0.077762619,63.0,2,11.0,28,30.03
0.323328786,75.0,3,15.0,28,30.01
0.5688949520000001,87.0,4,14.0,28,30.0
0.8144611190000001,87.0,3,15.0,28,30.0
0.906849315,87.0,3,8.0,27,29.97
0.660273973,81.0,3,13.0,27,29.96
0.41369863,84.0,4,8.0,27,29.98
0.167123288,70.0,2,10.0,27,29.99
0.079452055,65.0,2,20.0,27,29.97
0.326027397,70.0,2,24.0,27,29.96
0.57260274,78.0,1,16.0,27,29.94
0.8191780820000001,84.0,1,11.0,27,29.96
0.909340659,87.0,1,0.0,29,29.96
0.6620879120000001,86.0,0,3.0,29,29.95
0.414835165,81.0,1,0.0,29,30.0
0.167582418,70.0,1,5.0,29,30.02
0.07967033,36.5,1,16.0,29,29.99
0.326923077,48.0,0,17.0,29,29.96
0.574175824,70.0,1,16.0,29,29.95
0.8214285709999999,78.0,0,8.0,29,29.97
0.913103448,81.0,0,6.0,29,29.97
0.664827586,75.0,0,3.0,29,29.96
0.416551724,84.0,1,3.0,29,29.98
0.168275862,73.0,0,5.0,29,29.99
0.08,66.0,0,6.0,29,29.94
0.328275862,37.0,0,21.0,29,29.9
0.576551724,56.0,0,18.0,29,29.91
0.824827586,75.0,0,11.0,29,29.94
0.914246196,84.0,0,3.0,29,29.94
0.665283541,90.0,0,5.0,29,29.92
0.416320885,90.0,1,5.0,29,29.94
0.16735823,66.0,1,3.0,29,29.95
0.081604426,51.0,1,13.0,29,29.92
0.330567082,49.0,1,16.0,29,29.89
0.579529737,56.0,1,16.0,29,29.89
0.828492393,62.0,0,11.0,29,29.92
0.918055556,67.0,0,3.0,29,29.91
0.668055556,80.0,0,6.0,29,29.9
0.418055556,70.0,2,0.0,29,29.93
0.168055556,63.0,2,7.0,29,29.95
0.081944444,47.0,2,15.0,29,29.91
0.331944444,57.0,2,21.0,29,29.88
0.581944444,70.0,1,11.0,29,29.89
0.831944444,81.0,0,8.0,29,29.91
0.919332406,81.0,0,6.0,29,29.91
0.668984701,87.0,0,7.0,29,29.9
0.418636996,84.0,2,6.0,29,29.93
0.168289291,68.0,1,6.0,29,29.95
0.082058414,50.0,1,13.0,29,29.91
0.33240612,68.0,1,18.0,29,29.9
0.582753825,90.0,1,15.0,29,29.92
0.83310153,90.0,1,10.0,29,29.94
0.921787709,90.0,1,10.0,29,29.95
0.670391061,93.0,1,3.0,29,29.93
0.4189944129999999,93.0,1,6.0,29,29.95
0.167597765,73.0,0,3.0,29,29.95
0.083798883,56.0,1,6.0,29,29.9
0.335195531,59.0,1,20.0,29,29.85
0.5865921789999999,73.0,0,15.0,29,29.89
0.837988827,81.0,1,5.0,29,29.92
0.925666199,90.0,1,13.0,30,29.92
0.6732117809999999,93.0,1,8.0,30,29.91
0.420757363,93.0,1,8.0,30,29.94
0.168302945,65.0,1,9.0,30,29.94
0.084151473,63.0,1,20.0,30,29.9
0.336605891,70.0,1,21.0,30,29.89
0.589060309,87.0,1,11.0,30,29.93
0.8415147270000001,90.0,2,11.0,30,29.96
0.928270042,90.0,4,8.0,28,29.97
0.675105485,87.0,4,6.0,28,29.96
0.421940928,87.0,4,6.0,28,29.96
0.168776371,75.0,3,5.0,28,29.98
0.0843881859999999,63.0,2,15.0,28,29.94
0.337552743,68.0,2,15.0,28,29.95
0.5907173000000001,75.0,2,11.0,28,29.96
0.8438818570000001,81.0,0,8.0,28,29.97
0.93079096,81.0,0,5.0,29,29.98
0.676553672,87.0,1,5.0,29,29.99
0.422316384,83.0,2,0.0,29,30.04
0.168079096,70.0,2,3.0,29,30.05
0.086158192,50.0,2,9.0,29,30.01
0.34039548,53.0,2,18.0,29,29.97
0.594632768,68.0,1,15.0,29,29.99
0.848870056,67.0,1,0.0,29,30.01
0.933427762,67.0,1,0.0,29,30.0
0.678470255,78.0,1,5.0,29,29.99
0.423512748,75.0,2,0.0,29,29.98
0.168555241,71.0,3,3.0,29,29.98
0.0864022659999999,50.0,3,22.0,29,29.95
0.341359773,59.0,3,16.0,29,29.92
0.59631728,81.0,3,8.0,29,29.96
0.851274788,84.0,3,9.0,29,29.95
0.937411095,84.0,3,10.0,27,29.94
0.6813655759999999,87.0,4,6.0,27,29.92
0.425320057,81.0,4,0.0,27,29.96
0.169274538,73.0,3,6.0,27,29.98
0.086770982,62.0,3,17.0,27,29.97
0.342816501,76.0,3,9.0,27,29.92
0.59886202,87.0,3,13.0,27,29.91
0.854907539,90.0,2,16.0,27,29.92
0.940085592,90.0,4,7.0,19,29.91
0.6833095579999999,87.0,3,8.0,19,29.86
0.426533524,84.0,3,5.0,19,29.87
0.1697574889999999,73.0,3,3.0,19,29.87
0.087018545,63.0,3,0.0,19,29.83
0.343794579,65.0,4,9.0,19,29.77
0.6005706129999999,70.0,4,14.0,19,29.76
0.8573466479999999,90.0,4,13.0,19,29.75
0.941344778,93.0,4,15.0,26,29.73
0.6838340490000001,90.0,4,17.0,26,29.75
0.426323319,90.0,4,8.0,26,29.79
0.1688125889999999,81.0,3,13.0,26,29.84
0.08869814,66.0,2,16.0,26,29.86
0.34620887,70.0,2,15.0,26,29.88
0.6037195989999999,81.0,1,14.0,26,29.91
0.8612303290000001,84.0,2,18.0,26,29.95
0.944045911,81.0,1,15.0,28,29.96
0.68579627,84.0,1,10.0,28,29.96
0.427546628,81.0,2,8.0,28,29.99
0.1692969869999999,57.0,3,7.0,28,30.01
0.088952654,55.0,3,15.0,28,30.0
0.347202296,61.0,3,11.0,28,29.99
0.605451937,81.0,1,15.0,28,30.01
0.863701578,87.0,2,14.0,28,30.03
0.948126801,93.0,4,7.0,28,30.04
0.688760807,90.0,4,0.0,28,30.05
0.429394813,84.0,4,5.0,28,30.07
0.170028818,73.0,1,5.0,28,30.1
0.0893371759999999,59.0,0,3.0,28,30.05
0.34870317,70.0,1,22.0,28,30.05
0.608069164,93.0,1,22.0,28,30.07
0.867435159,93.0,3,21.0,28,30.1
0.949421965,93.0,2,14.0,28,30.12
0.689306358,96.0,1,7.0,28,30.12
0.429190751,96.0,3,0.0,28,30.16
0.169075145,81.0,2,3.0,28,30.17
0.0910404619999999,71.0,0,3.0,28,30.11
0.3511560689999999,55.0,0,22.0,28,30.07
0.611271676,73.0,0,16.0,28,30.06
0.871387283,81.0,0,11.0,28,30.05
0.953555878,84.0,0,7.0,27,30.03
0.692307692,83.0,1,0.0,27,30.01
0.431059507,90.0,0,3.0,27,30.02
0.169811321,76.0,0,3.0,27,30.01
0.091436865,55.0,0,24.0,27,29.95
0.352685051,61.0,1,25.0,27,29.92
0.613933237,72.0,0,9.0,27,29.9
0.875181422,78.0,0,23.0,27,29.91
0.956331878,83.0,0,15.0,27,29.91
0.6943231440000001,80.0,0,13.0,27,29.92
0.43231441,75.0,1,9.0,27,29.96
0.170305677,47.0,0,5.0,27,30.0
0.0917030569999999,36.5,0,16.0,27,29.97
0.35371179,50.0,0,26.0,27,29.94
0.615720524,67.0,0,20.0,27,29.95
0.877729258,67.0,0,11.0,27,29.97
0.959124088,69.0,0,16.0,29,29.98
0.696350365,69.0,0,11.0,29,29.98
0.433576642,59.0,1,13.0,29,29.99
0.17080292,42.0,1,17.0,29,30.0
0.091970803,46.0,1,26.0,29,29.94
0.354744526,46.0,2,29.0,29,29.91
0.617518248,64.0,0,18.0,29,29.92
0.8802919709999999,46.0,0,13.0,29,29.93
0.961876833,36.5,0,14.0,31,29.92
0.697947214,36.5,0,14.0,31,29.93
0.434017595,36.5,0,10.0,31,29.97
0.170087977,36.5,0,20.0,31,29.98
0.0938416419999999,36.5,1,20.0,31,29.96
0.357771261,36.5,0,21.0,31,29.95
0.62170088,42.0,0,10.0,31,30.0
0.885630499,36.5,0,9.0,31,30.04
0.964705882,39.0,0,15.0,32,30.09
0.7,41.0,0,13.0,32,30.1
0.4352941179999999,36.5,0,9.0,32,30.15
0.170588235,36.5,0,20.0,32,30.17
0.094117647,36.5,0,14.0,32,30.15
0.358823529,36.5,0,17.0,32,30.13
0.623529412,46.0,0,11.0,32,30.16
0.888235294,36.5,1,7.0,32,30.19
0.968980798,36.5,1,0.0,28,30.21
0.70310192,49.0,0,5.0,28,30.22
0.437223043,49.0,0,0.0,28,30.26
0.171344165,36.5,0,0.0,28,30.27
0.0945347119999999,36.5,0,5.0,28,30.22
0.360413589,36.5,0,18.0,28,30.19
0.6262924670000001,36.5,0,13.0,28,30.2
0.8921713440000001,62.0,0,7.0,28,30.2
0.971851852,75.0,0,0.0,29,30.18
0.705185185,61.0,0,3.0,29,30.16
0.438518519,75.0,0,0.0,29,30.18
0.171851852,63.0,0,5.0,29,30.18
0.094814815,36.5,0,0.0,29,30.1
0.361481481,36.5,1,14.0,29,30.05
0.628148148,40.0,0,14.0,29,30.03
0.894814815,72.0,0,9.0,29,30.04
0.974702381,75.0,0,7.0,29,30.04
0.706845238,66.0,0,3.0,29,30.04
0.438988095,80.0,0,3.0,29,30.06
0.171130952,65.0,0,6.0,29,30.08
0.09672619,40.0,1,0.0,29,30.03
0.3645833329999999,36.5,1,18.0,29,30.0
0.632440476,58.0,1,11.0,29,30.01
0.900297619,70.0,0,7.0,29,30.03
0.97761194,67.0,0,3.0,29,30.03
0.7089552240000001,64.0,0,3.0,29,30.03
0.440298507,72.0,1,0.0,29,30.06
0.171641791,70.0,0,3.0,29,30.08
0.097014925,54.0,0,0.0,29,30.03
0.365671642,36.5,0,15.0,29,30.0
0.634328358,36.5,0,14.0,29,30.01
0.902985075,42.0,0,0.0,29,30.03
0.980538922,52.0,0,0.0,31,30.03
0.7110778440000001,69.0,1,0.0,31,30.03
0.441616766,81.0,2,0.0,31,30.05
0.1721556889999999,66.0,3,3.0,31,30.06
0.097305389,61.0,1,5.0,31,30.0
0.366766467,36.5,1,11.0,31,29.96
0.636227545,36.5,0,9.0,31,29.97
0.905688623,48.0,0,3.0,31,29.99
0.984962406,62.0,1,10.0,29,29.99
0.7142857140000001,75.0,2,5.0,29,30.0
0.443609023,90.0,2,10.0,29,30.02
0.172932331,68.0,2,6.0,29,30.07
0.097744361,59.0,2,13.0,29,30.02
0.3684210529999999,70.0,2,17.0,29,30.01
0.639097744,83.0,2,11.0,29,30.03
0.909774436,83.0,2,8.0,29,30.06
0.986445783,83.0,3,0.0,27,30.05
0.715361446,83.0,4,7.0,27,30.05
0.444277108,83.0,4,3.0,27,30.08
0.173192771,72.0,2,8.0,27,30.1
0.097891566,72.0,2,21.0,27,30.05
0.3689759039999999,83.0,3,18.0,27,30.05
0.640060241,86.0,4,15.0,27,30.08
0.911144578,83.0,4,10.0,27,30.1
0.987915408,83.0,3,14.0,27,30.12
0.716012085,80.0,4,14.0,27,30.13
0.444108761,80.0,3,9.0,27,30.17
0.172205438,67.0,1,11.0,27,30.2
0.099697885,58.0,2,16.0,27,30.17
0.3716012079999999,70.0,2,17.0,27,30.16
0.643504532,80.0,2,15.0,27,30.17
0.915407855,90.0,1,8.0,27,30.18
0.992412747,86.0,0,3.0,28,30.17
0.7192716240000001,86.0,0,3.0,28,30.17
0.446130501,86.0,3,0.0,28,30.19
0.172989378,75.0,1,0.0,28,30.2
0.100151745,46.0,1,3.0,28,30.13
0.3732928679999999,46.0,1,14.0,28,30.08
0.646433991,45.0,0,13.0,28,30.07
0.919575114,65.0,0,3.0,28,30.08
0.99543379,62.0,0,0.0,14,30.08
0.7214611870000001,67.0,0,0.0,14,30.07
0.4474885839999999,36.5,0,8.0,14,30.08
0.1735159819999999,36.5,0,7.0,14,30.09
0.100456621,36.5,0,0.0,14,30.04
0.374429224,36.5,0,0.0,14,30.02
0.6484018260000001,36.5,0,0.0,14,30.03
0.922374429,57.0,0,0.0,14,30.05
0.998473282,58.0,0,0.0,31,30.05
0.7236641220000001,62.0,0,0.0,31,30.02
0.448854962,65.0,0,5.0,31,30.04
0.174045802,63.0,0,5.0,31,30.06
0.100763359,64.0,0,3.0,31,30.0
0.375572519,36.5,0,11.0,31,29.97
0.650381679,36.5,0,11.0,31,29.98
0.92519084,43.0,0,0.0,31,30.0
1.001531394,67.0,0,5.0,29,30.01
0.7258805509999999,51.0,0,0.0,29,30.0
0.450229709,75.0,2,3.0,29,30.02
0.174578867,70.0,1,5.0,29,30.05
0.101071975,53.0,1,3.0,29,30.0
0.3767228179999999,36.5,1,7.0,29,29.96
0.65237366,43.0,0,13.0,29,29.99
0.928024502,58.0,0,0.0,29,30.02
1.006153846,56.0,0,3.0,29,30.03
0.7292307690000001,62.0,0,0.0,29,30.02
0.452307692,80.0,0,0.0,29,30.05
0.175384615,68.0,0,7.0,29,30.06
0.101538462,61.0,0,3.0,29,30.01
0.378461538,36.5,0,6.0,29,29.98
0.655384615,49.0,0,6.0,29,29.99
0.932307692,52.0,0,7.0,29,30.02
1.009259259,83.0,0,11.0,29,30.04
0.731481481,93.0,1,9.0,29,30.05
0.453703704,96.0,1,6.0,29,30.08
0.175925926,70.0,1,0.0,29,30.1
0.1018518519999999,59.0,1,14.0,29,30.05
0.37962963,78.0,1,15.0,29,30.03
0.657407407,93.0,1,17.0,29,30.08
0.935185185,93.0,1,15.0,29,30.13
1.013953488,93.0,1,8.0,29,30.16
0.734883721,93.0,3,0.0,29,30.15
0.455813953,90.0,4,6.0,29,30.19
0.176744186,87.0,4,3.0,29,30.2
0.102325581,78.0,3,17.0,29,30.17
0.381395349,78.0,3,15.0,29,30.14
0.660465116,93.0,3,15.0,29,30.16
0.939534884,90.0,2,14.0,29,30.18
1.0155521,96.0,2,14.0,29,30.18
0.7356143079999999,100.0,1,9.0,29,30.19
0.455676516,96.0,3,5.0,29,30.22
0.175738725,93.0,4,0.0,29,30.22
0.1041990669999999,72.0,1,20.0,29,30.17
0.3841368579999999,65.0,1,15.0,29,30.14
0.66407465,90.0,1,17.0,29,30.14
0.944012442,93.0,1,10.0,29,30.14
1.018720749,96.0,1,8.0,30,30.1
0.737909516,100.0,1,7.0,30,30.06
0.4570982839999999,100.0,1,9.0,30,30.08
0.176287051,83.0,3,3.0,30,30.07
0.104524181,78.0,3,5.0,30,29.99
0.3853354129999999,70.0,2,9.0,30,29.94
0.6661466460000001,90.0,2,11.0,30,29.94
0.946957878,93.0,2,9.0,30,29.96
1.021909233,83.0,3,3.0,16,29.93
0.740219092,90.0,3,5.0,16,29.87
0.458528951,86.0,3,0.0,16,29.85
0.176838811,84.0,4,0.0,16,29.9
0.10485133,68.0,4,17.0,16,29.87
0.386541471,84.0,4,8.0,16,29.88
0.668231612,75.0,4,0.0,16,29.94
0.949921753,70.0,3,23.0,16,29.93
1.025117739,63.0,3,13.0,15,30.0
0.7425431709999999,84.0,4,15.0,15,30.03
0.459968603,90.0,4,6.0,15,30.09
0.177394035,87.0,4,6.0,15,30.13
0.105180534,61.0,3,18.0,15,30.1
0.387755102,57.0,4,15.0,15,30.08
0.67032967,59.0,3,21.0,15,30.08
0.952904239,78.0,3,11.0,15,30.06
1.029968454,75.0,3,9.0,16,30.03
0.746056782,84.0,4,7.0,16,29.99
0.46214511,90.0,4,14.0,16,29.97
0.178233438,87.0,4,15.0,16,29.99
0.105678233,90.0,4,15.0,16,29.93
0.389589905,87.0,4,15.0,16,29.88
0.673501577,87.0,4,14.0,16,29.9
0.957413249,93.0,4,9.0,16,29.93
0.938291139,90.0,4,9.0,23,29.93
0.6534810129999999,90.0,3,5.0,23,29.96
0.368670886,90.0,2,9.0,23,30.02
0.083860759,78.0,3,0.0,23,30.07
0.200949367,68.0,3,14.0,23,30.07
0.4857594939999999,73.0,2,13.0,23,30.06
0.77056962,87.0,3,3.0,23,30.06
1.055379747,83.0,2,5.0,23,30.07
0.941269841,86.0,2,0.0,20,30.06
0.655555556,90.0,3,3.0,20,30.02
0.36984127,83.0,3,5.0,20,29.99
0.084126984,78.0,3,7.0,20,29.96
0.201587302,72.0,3,20.0,20,29.86
0.487301587,90.0,4,21.0,20,29.75
0.773015873,87.0,3,13.0,20,29.85
1.058730159,86.0,2,11.0,20,29.94
0.944267516,80.0,3,9.0,29,29.98
0.657643312,83.0,3,5.0,29,30.01
0.371019108,80.0,2,11.0,29,30.06
0.084394904,69.0,3,13.0,29,30.13
0.2022292989999999,55.0,3,18.0,29,30.12
0.4888535029999999,64.0,3,22.0,29,30.13
0.7754777070000001,72.0,1,16.0,29,30.17
1.0621019109999998,74.0,1,11.0,29,30.19
0.947284345,74.0,0,6.0,30,30.22
0.659744409,83.0,0,0.0,30,30.22
0.372204473,89.0,2,3.0,30,30.23
0.084664537,67.0,3,3.0,30,30.27
0.2028753989999999,56.0,3,5.0,30,30.25
0.490415335,52.0,4,8.0,30,30.25
0.777955272,58.0,4,7.0,30,30.25
1.065495208,62.0,4,0.0,30,30.27
0.950320513,62.0,3,3.0,30,30.28
0.6618589739999999,72.0,2,0.0,30,30.29
0.373397436,80.0,1,5.0,30,30.33
0.084935897,62.0,0,8.0,30,30.35
0.203525641,54.0,1,0.0,30,30.3
0.491987179,63.0,0,14.0,30,30.26
0.7804487179999999,78.0,0,7.0,30,30.26
1.068910256,93.0,0,5.0,30,30.26
0.953376206,86.0,0,0.0,30,30.24
0.663987138,90.0,0,0.0,30,30.24
0.374598071,96.0,1,0.0,30,30.22
0.085209003,84.0,0,3.0,30,30.22
0.204180064,75.0,0,0.0,30,30.16
0.493569132,55.0,1,11.0,30,30.11
0.7829581990000001,87.0,1,15.0,30,30.12
1.072347267,87.0,0,7.0,30,30.11
0.956521739,90.0,1,10.0,27,30.11
0.666666667,90.0,1,9.0,27,30.08
0.3768115939999999,93.0,3,0.0,27,30.06
0.086956522,81.0,4,7.0,27,30.06
0.202898551,84.0,4,9.0,27,29.98
0.492753623,93.0,4,10.0,27,29.93
0.7826086959999999,93.0,4,16.0,27,29.91
1.072463768,86.0,3,15.0,27,29.88
0.959612278,83.0,3,23.0,28,29.87
0.668820679,83.0,3,24.0,28,29.85
0.378029079,83.0,2,21.0,28,29.86
0.08723748,75.0,2,14.0,28,29.88
0.20355412,70.0,2,20.0,28,29.87
0.4943457189999999,78.0,3,15.0,28,29.87
0.785137318,83.0,2,15.0,28,29.91
1.075928918,83.0,2,25.0,28,29.96
0.962722853,86.0,1,11.0,28,29.98
0.670988655,90.0,1,5.0,28,30.02
0.379254457,90.0,3,9.0,28,30.07
0.087520259,72.0,3,9.0,28,30.09
0.204213938,65.0,3,14.0,28,30.06
0.495948136,70.0,3,9.0,28,30.07
0.7876823340000001,78.0,3,9.0,28,30.09
1.079416532,83.0,3,9.0,28,30.13
0.965853659,90.0,3,9.0,28,30.16
0.673170732,96.0,4,7.0,28,30.17
0.380487805,86.0,3,7.0,28,30.21
0.087804878,75.0,3,10.0,28,30.27
0.2048780489999999,72.0,3,10.0,28,30.24
0.497560976,72.0,3,15.0,28,30.24
0.790243902,72.0,3,11.0,28,30.27
1.082926829,80.0,3,10.0,28,30.27
0.969004894,93.0,4,6.0,28,30.28
0.675367047,96.0,4,8.0,28,30.27
0.381729201,87.0,4,0.0,28,30.3
0.088091354,87.0,4,5.0,28,30.32
0.205546493,84.0,3,3.0,28,30.26
0.499184339,87.0,3,16.0,28,30.21
0.792822186,93.0,3,8.0,28,30.21
1.086460033,93.0,2,0.0,28,30.23
0.972176759,93.0,1,0.0,28,30.23
0.6775777409999999,96.0,2,0.0,28,30.22
0.3829787229999999,96.0,1,0.0,28,30.22
0.088379705,93.0,1,5.0,28,30.23
0.206219313,63.0,1,9.0,28,30.16
0.5008183310000001,75.0,1,20.0,28,30.11
0.795417349,78.0,0,10.0,28,30.1
1.090016367,87.0,0,8.0,28,30.1
0.973770492,90.0,0,3.0,10,30.1
0.678688525,93.0,0,0.0,10,30.08
0.383606557,86.0,0,0.0,10,30.12
0.08852459,52.0,0,7.0,10,30.14
0.206557377,40.0,0,6.0,10,30.07
0.501639344,36.5,1,7.0,10,30.04
0.796721311,38.0,0,9.0,10,30.06
1.091803279,47.0,1,9.0,10,30.08
0.978583196,45.0,1,11.0,14,30.1
0.6820428340000001,54.0,1,8.0,14,30.1
0.385502471,54.0,1,8.0,14,30.12
0.088962109,36.5,0,7.0,14,30.14
0.207578254,39.0,0,3.0,14,30.08
0.504118616,36.5,1,0.0,14,30.05
0.800658979,38.0,1,0.0,14,30.07
1.097199341,48.0,0,3.0,14,30.07
0.983471074,75.0,0,0.0,5,30.08
0.6859504129999999,90.0,1,0.0,5,30.06
0.388429752,90.0,0,0.0,5,30.09
0.090909091,78.0,0,3.0,5,30.11
0.20661157,73.0,1,8.0,5,30.06
0.504132231,50.0,1,0.0,5,30.04
0.801652893,68.0,1,3.0,5,30.06
1.099173554,75.0,2,0.0,5,30.09
0.985099338,83.0,1,0.0,9,30.1
0.687086093,87.0,0,0.0,9,30.11
0.3890728479999999,90.0,1,3.0,9,30.13
0.091059603,78.0,1,3.0,9,30.15
0.206953642,70.0,1,3.0,9,30.11
0.504966887,49.0,2,0.0,9,30.08
0.8029801320000001,70.0,1,0.0,9,30.09
1.100993377,78.0,1,0.0,9,30.11
0.988372093,81.0,1,0.0,29,30.11
0.6893687709999999,86.0,0,6.0,29,30.12
0.390365449,93.0,1,7.0,29,30.14
0.091362126,81.0,0,0.0,29,30.17
0.207641196,75.0,1,18.0,29,30.12
0.506644518,83.0,1,16.0,29,30.09
0.805647841,96.0,1,13.0,29,30.1
1.104651163,93.0,1,11.0,29,30.12
0.991666667,93.0,2,6.0,27,30.13
0.691666667,86.0,4,5.0,27,30.14
0.391666667,86.0,4,7.0,27,30.14
0.091666667,86.0,4,5.0,27,30.16
0.208333333,83.0,4,9.0,27,30.14
0.5083333329999999,80.0,3,9.0,27,30.11
0.808333333,90.0,3,10.0,27,30.14
1.108333333,86.0,4,8.0,27,30.16
0.994991653,90.0,4,7.0,27,30.15
0.694490818,90.0,3,3.0,27,30.16
0.393989983,90.0,4,5.0,27,30.21
0.093489149,87.0,4,5.0,27,30.25
0.207011686,78.0,3,11.0,27,30.22
0.507512521,72.0,2,14.0,27,30.2
0.8080133559999999,78.0,0,10.0,27,30.21
1.10851419,69.0,0,3.0,27,30.21
0.998324958,83.0,0,3.0,28,30.2
0.69681742,83.0,0,0.0,28,30.16
0.395309883,80.0,1,3.0,28,30.16
0.093802345,60.0,1,5.0,28,30.15
0.207705193,37.0,1,0.0,28,30.11
0.50921273,60.0,1,11.0,28,30.08
0.810720268,83.0,0,22.0,28,30.1
1.112227806,83.0,0,8.0,28,30.11
1.0,77.0,2,0.0,28,30.09
0.697986577,83.0,0,5.0,28,30.08
0.395973154,83.0,2,0.0,28,30.12
0.0939597319999999,72.0,2,3.0,28,30.15
0.208053691,70.0,2,3.0,28,30.1
0.5100671139999999,67.0,3,14.0,28,30.07
0.812080537,96.0,4,20.0,28,30.08
1.11409396,100.0,1,0.0,28,30.09
1.003367003,93.0,0,5.0,17,30.07
0.7003366999999999,89.0,0,6.0,17,30.04
0.397306397,96.0,1,5.0,17,30.04
0.094276094,72.0,1,7.0,17,30.06
0.208754209,56.0,1,0.0,17,30.01
0.5117845120000001,50.0,1,0.0,17,29.99
0.814814815,78.0,1,0.0,17,30.01
1.117845118,77.0,0,0.0,17,30.05
1.006745363,86.0,1,0.0,15,30.05
0.703204047,89.0,0,5.0,15,30.05
0.399662732,89.0,2,3.0,15,30.06
0.0961214169999999,83.0,3,6.0,15,30.07
0.207419899,80.0,3,5.0,15,30.03
0.5109612139999999,62.0,3,3.0,15,30.0
0.81450253,67.0,3,0.0,15,30.01
1.118043845,78.0,3,0.0,15,30.0
1.008445946,77.0,3,0.0,36,30.01
0.7043918920000001,83.0,3,0.0,36,30.03
0.4003378379999999,83.0,3,0.0,36,30.04
0.096283784,87.0,4,7.0,36,30.05
0.20777027,75.0,4,0.0,36,30.01
0.511824324,81.0,4,6.0,36,29.98
0.815878378,75.0,3,0.0,36,29.96
1.119932432,83.0,3,7.0,36,29.96
1.011864407,80.0,3,3.0,34,29.94
0.7067796609999999,83.0,3,6.0,34,29.89
0.401694915,83.0,4,0.0,34,29.85
0.096610169,78.0,4,0.0,34,29.88
0.208474576,90.0,4,0.0,34,29.88
0.513559322,86.0,4,0.0,34,29.89
0.818644068,90.0,3,0.0,34,29.92
1.123728814,90.0,4,0.0,34,29.95
1.015280136,93.0,3,0.0,29,29.98
0.709677419,93.0,4,9.0,29,30.0
0.404074703,90.0,4,6.0,29,30.05
0.098471986,87.0,2,7.0,29,30.1
0.20713073,80.0,4,11.0,29,30.09
0.512733447,78.0,3,11.0,29,30.11
0.818336163,80.0,4,10.0,29,30.15
1.123938879,83.0,4,8.0,29,30.2
1.017006803,86.0,4,5.0,24,30.22
0.710884354,83.0,4,3.0,24,30.22
0.404761905,86.0,4,3.0,24,30.25
0.098639456,83.0,4,3.0,24,30.3
0.207482993,83.0,4,5.0,24,30.24
0.513605442,78.0,4,3.0,24,30.2
0.819727891,90.0,2,8.0,24,30.22
1.12585034,96.0,2,0.0,24,30.22
1.020477816,93.0,2,0.0,12,30.19
0.71331058,96.0,4,5.0,12,30.17
0.406143345,96.0,2,10.1291538198013,12,30.16
0.098976109,80.0,3,8.0,12,30.19
0.208191126,75.0,2,0.0,12,30.12
0.5153583620000001,54.0,1,0.0,12,30.1
0.822525597,70.0,0,0.0,12,30.11
1.129692833,72.0,0,3.0,12,30.15
1.023931624,80.0,0,0.0,7,30.17
0.7162393159999999,90.0,0,3.0,7,30.15
0.4085470089999999,93.0,2,3.0,7,30.14
0.1008547009999999,83.0,2,5.0,7,30.16
0.2068376069999999,75.0,2,6.0,7,30.12
0.514529915,75.0,2,0.0,7,30.09
0.8222222220000001,67.0,1,0.0,7,30.11
1.12991453,83.0,0,3.0,7,30.13
1.025684932,93.0,0,0.0,28,30.13
0.7174657529999999,100.0,2,6.0,28,30.13
0.409246575,100.0,4,3.0,28,30.14
0.1010273969999999,96.0,4,7.0,28,30.18
0.207191781,86.0,4,9.0,28,30.14
0.515410959,80.0,4,11.0,28,30.13
0.823630137,80.0,3,9.0,28,30.12
1.131849315,80.0,4,9.0,28,30.15
1.0274442540000002,83.0,4,9.0,28,30.16
0.718696398,86.0,4,11.0,28,30.17
0.409948542,96.0,4,8.0,28,30.18
0.101200686,81.0,3,9.0,28,30.2
0.20754717,75.0,1,5.0,28,30.14
0.516295026,70.0,2,10.0,28,30.15
0.825042882,86.0,1,5.0,28,30.16
1.133790738,90.0,0,0.0,28,30.19
1.030927835,90.0,0,5.0,33,30.17
0.721649485,93.0,4,0.0,33,30.18
0.412371134,100.0,4,0.0,33,30.2
0.103092784,100.0,4,3.0,33,30.2
0.206185567,80.0,3,5.0,33,30.12
0.515463918,69.0,4,3.0,33,30.1
0.824742268,86.0,3,6.0,33,30.09
1.134020619,83.0,3,7.0,33,30.08
1.032702238,77.0,2,11.0,6,30.06
0.7228915659999999,80.0,2,13.0,6,30.05
0.413080895,80.0,4,13.0,6,30.06
0.103270224,77.0,4,7.0,6,30.07
0.206540448,64.0,0,6.0,6,30.03
0.516351119,67.0,0,0.0,6,30.0
0.82616179,83.0,0,5.0,6,30.02
1.135972461,77.0,0,0.0,6,30.08
1.036206897,83.0,0,5.0,15,30.11
0.725862069,89.0,0,5.0,15,30.14
0.415517241,86.0,1,6.0,15,30.17
0.105172414,72.0,1,6.0,15,30.23
0.205172414,56.0,1,0.0,15,30.18
0.515517241,46.0,3,0.0,15,30.16
0.825862069,55.0,2,0.0,15,30.19
1.136206897,71.0,1,5.0,15,30.23
1.036206897,68.0,1,0.0,3,30.22
0.725862069,74.0,0,0.0,3,30.21
0.415517241,86.0,1,0.0,3,30.24
0.105172414,77.0,1,7.0,3,30.26
0.205172414,62.0,1,0.0,3,30.21
0.515517241,72.0,1,3.0,3,30.18
0.825862069,77.0,1,3.0,3,30.17
1.136206897,80.0,1,0.0,3,30.18
1.037996546,86.0,2,6.0,27,30.17
0.727115717,89.0,2,6.0,27,30.16
0.4162348879999999,96.0,2,6.0,27,30.13
0.105354059,86.0,4,0.0,27,30.15
0.20552677,80.0,4,11.0,27,30.1
0.516407599,74.0,4,10.0,27,30.08
0.827288428,80.0,4,8.0,27,30.06
1.138169257,80.0,4,6.0,27,30.07
1.041522491,80.0,4,6.0,33,30.06
0.7301038059999999,86.0,3,9.0,33,30.07
0.418685121,86.0,3,3.0,33,30.05
0.1072664359999999,77.0,3,8.0,33,30.1
0.2041522489999999,77.0,1,9.0,33,30.07
0.515570934,71.0,2,0.0,33,30.07
0.826989619,74.0,1,0.0,33,30.08
1.138408304,86.0,0,3.0,33,30.09
1.043327556,89.0,0,3.0,6,30.11
0.731369151,93.0,1,3.0,6,30.16
0.419410745,57.0,1,7.0,6,30.23
0.10745234,49.0,1,6.0,6,30.27
0.204506066,55.0,1,7.0,6,30.23
0.516464471,67.0,1,11.0,6,30.26
0.8284228770000001,69.0,0,6.0,6,30.31
1.140381282,80.0,0,0.0,6,30.35
1.046875,89.0,0,6.0,12,30.36
0.734375,86.0,0,6.0,12,30.35
0.421875,80.0,0,10.0,12,30.36
0.109375,74.0,0,3.0,12,30.4
0.203125,51.0,0,3.0,12,30.32
0.515625,78.0,1,6.0,12,30.26
0.828125,69.0,0,3.0,12,30.25
1.140625,74.0,1,3.0,12,30.27
1.046875,80.0,0,0.0,29,30.22
0.734375,83.0,1,0.0,29,30.18
0.421875,83.0,1,9.0,29,30.18
0.109375,72.0,3,0.0,29,30.18
0.203125,67.0,3,5.0,29,30.1
0.515625,78.0,3,0.0,29,30.04
0.828125,75.0,1,13.0,29,29.99
1.140625,90.0,2,11.0,29,30.0
1.050434783,90.0,4,8.0,27,29.97
0.7373913040000001,86.0,4,0.0,27,29.94
0.424347826,89.0,2,3.0,27,29.95
0.111304348,80.0,1,0.0,27,29.97
0.20173913,67.0,3,8.0,27,29.9
0.514782609,83.0,4,14.0,27,29.88
0.827826087,80.0,4,29.0,27,29.86
1.140869565,90.0,4,7.0,27,29.85
1.050434783,72.0,3,22.0,29,29.84
0.7373913040000001,69.0,4,22.0,29,29.85
0.424347826,66.0,2,14.0,29,29.89
0.111304348,57.0,2,15.0,29,29.92
0.20173913,51.0,3,20.0,29,29.87
0.514782609,61.0,2,16.0,29,29.85
0.827826087,66.0,2,20.0,29,29.89
1.140869565,63.0,3,10.0,29,29.92
1.054006969,68.0,2,8.0,16,29.91
0.740418118,76.0,2,6.0,16,29.93
0.426829268,83.0,3,7.0,16,29.95
0.113240418,74.0,4,13.0,16,29.95
0.200348432,80.0,4,6.0,16,29.89
0.513937282,86.0,4,0.0,16,29.83
0.827526132,93.0,4,8.0,16,29.79
1.141114983,89.0,3,10.0,16,29.77
1.054006969,93.0,3,8.0,21,29.75
0.740418118,83.0,3,7.0,21,29.75
0.426829268,80.0,4,8.0,21,29.76
0.113240418,77.0,3,9.0,21,29.81
0.200348432,66.0,2,16.0,21,29.79
0.513937282,61.0,3,15.0,21,29.79
0.827526132,93.0,3,8.0,21,29.82
1.141114983,89.0,2,5.0,21,29.87
1.057591623,76.0,3,3.0,5,29.89
0.743455497,93.0,3,3.0,5,29.9
0.429319372,93.0,4,9.0,5,29.93
0.115183246,86.0,3,10.0,5,29.99
0.19895288,74.0,3,7.0,5,29.97
0.513089005,83.0,3,20.0,5,29.99
0.827225131,83.0,3,16.0,5,30.02
1.141361257,83.0,2,6.0,5,30.03
1.057591623,63.0,1,10.0,29,30.04
0.743455497,58.0,1,9.0,29,30.05
0.429319372,73.0,1,0.0,29,30.05
0.115183246,60.0,0,3.0,29,30.04
0.19895288,44.0,1,5.0,29,29.96
0.513089005,59.0,1,14.0,29,29.91
0.827225131,71.0,0,10.0,29,29.91
1.141361257,68.0,0,14.0,29,29.92
1.059336824,63.0,0,7.0,20,29.92
0.745200698,65.0,0,6.0,20,29.97
0.431064572,77.0,1,7.0,20,30.05
0.1169284469999999,80.0,2,6.0,20,30.12
0.197207679,74.0,3,8.0,20,30.13
0.511343805,69.0,4,11.0,20,30.14
0.82547993,74.0,3,9.0,20,30.17
1.139616056,80.0,3,14.0,20,30.22
1.059336824,80.0,3,14.0,26,30.23
0.745200698,86.0,4,11.0,26,30.23
0.431064572,96.0,4,0.0,26,30.27
0.1169284469999999,80.0,3,8.0,26,30.32
0.197207679,59.0,2,14.0,26,30.3
0.511343805,59.0,2,16.0,26,30.31
0.82547993,71.0,1,10.0,26,30.34
1.139616056,77.0,1,9.0,26,30.36
1.061082024,73.0,1,6.0,29,30.37
0.7469458990000001,82.0,0,5.0,29,30.35
0.4328097729999999,82.0,1,0.0,29,30.36
0.118673647,74.0,2,0.0,29,30.4
0.195462478,61.0,2,0.0,29,30.33
0.509598604,61.0,3,0.0,29,30.29
0.8237347290000001,63.0,3,3.0,29,30.27
1.137870855,63.0,2,5.0,29,30.27
1.061082024,68.0,3,3.0,12,30.24
0.7469458990000001,77.0,3,3.0,12,30.22
0.4328097729999999,74.0,4,0.0,12,30.19
0.118673647,71.0,4,0.0,12,30.19
0.195462478,86.0,4,6.0,12,30.07
0.509598604,86.0,4,10.0,12,29.99
0.8237347290000001,100.0,4,10.0,12,29.9
1.137870855,96.0,4,10.0,12,29.87
1.062827225,83.0,2,7.0,26,29.83
0.7486910990000001,89.0,3,3.0,26,29.86
0.434554974,89.0,1,0.0,26,29.89
0.120418848,69.0,1,9.0,26,29.91
0.193717277,71.0,3,11.0,26,29.89
0.5078534029999999,71.0,3,11.0,26,29.88
0.8219895290000001,80.0,2,7.0,26,29.89
1.136125654,77.0,3,14.0,26,29.92
1.062827225,86.0,3,0.0,13,29.9
0.7486910990000001,93.0,4,5.0,13,29.91
0.434554974,83.0,2,0.0,13,29.93
0.120418848,77.0,3,0.0,13,29.96
0.193717277,77.0,3,8.0,13,29.93
0.5078534029999999,69.0,3,5.0,13,29.9
0.8219895290000001,71.0,4,3.0,13,29.89
1.136125654,77.0,4,6.0,13,29.89
1.064572426,83.0,4,9.0,14,29.88
0.7504363000000001,83.0,4,6.0,14,29.84
0.436300175,83.0,4,5.0,14,29.82
0.122164049,80.0,4,7.0,14,29.84
0.191972077,77.0,4,10.0,14,29.81
0.5061082020000001,72.0,4,10.0,14,29.78
0.820244328,77.0,4,6.0,14,29.77
1.134380454,75.0,4,22.0,14,29.72
1.06271777,86.0,4,30.0,28,29.65
0.74912892,90.0,4,15.0,28,29.64
0.43554007,93.0,4,24.0,28,29.67
0.12195122,96.0,3,25.0,28,29.79
0.191637631,57.0,2,28.0,28,29.81
0.505226481,68.0,2,26.0,28,29.86
0.8188153309999999,68.0,1,20.0,28,29.91
1.1324041809999998,66.0,1,16.0,28,29.98
1.06445993,71.0,0,10.0,29,30.04
0.75087108,71.0,0,9.0,29,30.09
0.43728223,74.0,0,8.0,29,30.17
0.12369338,68.0,1,0.0,29,30.25
0.18989547,54.0,1,5.0,29,30.24
0.5034843210000001,52.0,2,0.0,29,30.26
0.817073171,71.0,3,8.0,29,30.29
1.130662021,74.0,3,0.0,29,30.32
1.06445993,83.0,1,0.0,12,30.32
0.75087108,89.0,2,0.0,12,30.34
0.43728223,93.0,2,0.0,12,30.37
0.12369338,80.0,2,3.0,12,30.42
0.18989547,71.0,3,5.0,12,30.37
0.5034843210000001,66.0,3,0.0,12,30.36
0.817073171,77.0,3,0.0,12,30.36
1.130662021,77.0,3,0.0,12,30.39
1.064347826,86.0,4,0.0,10,30.38
0.751304348,89.0,4,3.0,10,30.38
0.43826087,89.0,2,0.0,10,30.37
0.1252173909999999,86.0,3,8.0,10,30.39
0.187826087,80.0,3,0.0,10,30.33
0.500869565,67.0,3,0.0,10,30.28
0.813913043,80.0,2,3.0,10,30.27
1.126956522,86.0,3,5.0,10,30.27
1.064347826,89.0,2,3.0,30,30.26
0.751304348,93.0,3,0.0,30,30.26
0.43826087,93.0,3,0.0,30,30.28
0.1252173909999999,90.0,3,5.0,30,30.3
0.187826087,86.0,3,3.0,30,30.25
0.500869565,72.0,2,0.0,30,30.22
0.813913043,93.0,1,8.0,30,30.2
1.126956522,90.0,1,3.0,30,30.22
1.066086957,89.0,1,0.0,34,30.21
0.7530434779999999,93.0,2,5.0,34,30.21
0.44,96.0,3,9.0,34,30.21
0.126956522,93.0,3,6.0,34,30.23
0.186086957,86.0,1,3.0,34,30.15
0.499130435,83.0,1,6.0,34,30.12
0.812173913,86.0,1,6.0,34,30.15
1.1252173909999998,93.0,1,7.0,34,30.19
1.064236111,96.0,3,7.0,30,30.2
0.7517361109999999,96.0,4,0.0,30,30.2
0.439236111,96.0,4,5.0,30,30.22
0.1267361109999999,96.0,4,3.0,30,30.26
0.185763889,96.0,1,3.0,30,30.2
0.4982638889999999,96.0,3,8.0,30,30.18
0.8107638890000001,93.0,4,9.0,30,30.17
1.123263889,90.0,4,5.0,30,30.18
1.064124783,93.0,4,8.0,3,30.17
0.752166378,89.0,4,7.0,3,30.18
0.440207972,93.0,4,9.0,3,30.18
0.1282495669999999,89.0,4,5.0,3,30.21
0.1837088389999999,89.0,4,0.0,3,30.14
0.495667244,83.0,2,6.0,3,30.09
0.80762565,86.0,0,5.0,3,30.08
1.119584055,89.0,4,0.0,3,30.07
1.062283737,96.0,4,3.0,25,30.03
0.750865052,96.0,4,9.0,25,30.02
0.439446367,96.0,4,10.0,25,29.95
0.128027682,93.0,4,6.0,25,29.93
0.183391003,90.0,4,14.0,25,29.91
0.494809689,74.0,2,16.0,25,29.92
0.806228374,74.0,2,14.0,25,29.95
1.117647059,83.0,2,8.0,25,30.0
1.06044905,80.0,2,3.0,30,30.01
0.749568221,86.0,1,6.0,30,30.04
0.438687392,86.0,1,3.0,30,30.05
0.127806563,61.0,2,0.0,30,30.09
0.183074266,54.0,3,7.0,30,30.05
0.493955095,50.0,3,13.0,30,30.04
0.804835924,68.0,1,3.0,30,30.05
1.115716753,76.0,1,8.0,30,30.07
1.062176166,76.0,0,0.0,27,30.08
0.7512953370000001,73.0,0,0.0,27,30.1
0.440414508,76.0,0,3.0,27,30.13
0.129533679,71.0,2,0.0,27,30.21
0.18134715,61.0,3,3.0,27,30.17
0.492227979,52.0,3,0.0,27,30.17
0.803108808,68.0,3,8.0,27,30.22
1.113989637,74.0,3,0.0,27,30.24
1.062176166,77.0,4,0.0,4,30.22
0.7512953370000001,74.0,4,3.0,4,30.2
0.440414508,68.0,4,0.0,4,30.2
0.129533679,68.0,4,0.0,4,30.2
0.18134715,93.0,4,0.0,4,30.16
0.492227979,96.0,4,5.0,4,30.18
0.803108808,93.0,4,0.0,4,30.21
1.113989637,86.0,3,7.0,4,30.25
1.062068966,86.0,4,0.0,17,30.25
0.7517241379999999,93.0,4,0.0,17,30.27
0.44137931,86.0,4,6.0,17,30.26
0.131034483,86.0,4,6.0,17,30.3
0.179310345,80.0,4,3.0,17,30.26
0.489655172,80.0,3,0.0,17,30.25
0.8,93.0,3,9.0,17,30.27
1.110344828,90.0,4,0.0,17,30.29
1.058419244,93.0,4,5.0,1,30.26
0.749140893,93.0,4,5.0,1,30.27
0.439862543,89.0,4,3.0,1,30.26
0.130584192,86.0,4,3.0,1,30.29
0.178694158,80.0,1,0.0,1,30.23
0.487972509,77.0,1,0.0,1,30.19
0.797250859,86.0,0,6.0,1,30.17
1.10652921,86.0,0,8.0,1,30.16
1.058319039,89.0,2,7.0,4,30.15
0.7495711840000001,89.0,4,6.0,4,30.18
0.4408233279999999,93.0,4,3.0,4,30.19
0.132075472,83.0,3,5.0,4,30.22
0.176672384,86.0,4,6.0,4,30.17
0.48542024,80.0,2,7.0,4,30.18
0.7941680959999999,89.0,1,0.0,4,30.2
1.102915952,89.0,0,0.0,4,30.22
1.056506849,93.0,0,5.0,11,30.22
0.7482876709999999,96.0,4,6.0,11,30.24
0.4400684929999999,96.0,4,0.0,11,30.27
0.131849315,96.0,1,7.0,11,30.3
0.176369863,51.0,1,13.0,11,30.26
0.484589041,39.0,1,6.0,11,30.26
0.7928082190000001,45.0,1,10.0,11,30.32
1.101027397,46.0,1,10.0,11,30.37
1.054700855,53.0,1,10.0,8,30.39
0.7470085470000001,64.0,0,14.0,8,30.43
0.439316239,61.0,0,5.0,8,30.47
0.131623932,69.0,0,10.0,8,30.53
0.176068376,41.0,0,5.0,8,30.49
0.483760684,58.0,1,7.0,8,30.47
0.791452991,51.0,1,6.0,8,30.5
1.099145299,77.0,0,5.0,8,30.52
1.054607509,77.0,0,0.0,3,30.5
0.7474402729999999,77.0,0,6.0,3,30.49
0.4402730379999999,83.0,1,3.0,3,30.5
0.133105802,77.0,1,3.0,3,30.51
0.174061433,77.0,2,5.0,3,30.43
0.481228669,72.0,3,5.0,3,30.35
0.788395904,51.0,2,3.0,3,30.32
1.09556314,77.0,1,0.0,3,30.31
1.052810903,71.0,1,0.0,9,30.29
0.746166951,58.0,1,9.0,9,30.28
0.4395229979999999,48.0,2,8.0,9,30.29
0.132879046,48.0,3,17.0,9,30.31
0.173764906,50.0,2,13.0,9,30.27
0.4804088589999999,42.0,1,16.0,9,30.23
0.7870528109999999,52.0,0,9.0,9,30.25
1.093696763,52.0,0,8.0,9,30.28
1.050933786,64.0,0,7.0,13,30.3
0.74533107,64.0,0,8.0,13,30.3
0.4397283529999999,80.0,0,9.0,13,30.3
0.134125637,46.0,0,9.0,13,30.33
0.17147708,36.5,0,7.0,13,30.27
0.477079796,36.5,0,3.0,13,30.22
0.782682513,69.0,0,0.0,13,30.23
1.088285229,57.0,0,0.0,13,30.24
1.049152542,74.0,0,5.0,9,30.23
0.744067797,86.0,0,0.0,9,30.22
0.438983051,89.0,0,0.0,9,30.22
0.133898305,80.0,1,3.0,9,30.24
0.171186441,78.0,3,6.0,9,30.17
0.476271186,40.0,2,3.0,9,30.14
0.781355932,55.0,3,0.0,9,30.15
1.086440678,64.0,2,3.0,9,30.16
1.047377327,77.0,1,0.0,13,30.15
0.7428087990000001,80.0,1,0.0,13,30.14
0.438240271,83.0,1,5.0,13,30.15
0.133671743,51.0,1,9.0,13,30.17
0.170896785,70.0,1,6.0,13,30.12
0.4754653129999999,39.0,1,3.0,13,30.1
0.780033841,64.0,1,3.0,13,30.11
1.084602369,59.0,0,3.0,13,30.15
1.045531197,69.0,0,0.0,12,30.16
0.741989882,77.0,0,0.0,12,30.19
0.438448567,80.0,0,0.0,12,30.22
0.134907251,72.0,0,7.0,12,30.27
0.1686340639999999,65.0,0,3.0,12,30.21
0.472175379,56.0,0,0.0,12,30.19
0.775716695,55.0,0,0.0,12,30.2
1.07925801,59.0,0,0.0,12,30.24
1.043771044,71.0,0,0.0,6,30.24
0.740740741,83.0,1,0.0,6,30.23
0.437710438,89.0,0,0.0,6,30.23
0.134680135,80.0,0,0.0,6,30.25
0.168350168,80.0,0,8.0,6,30.18
0.471380471,69.0,1,0.0,6,30.15
0.774410774,62.0,0,0.0,6,30.15
1.077441077,77.0,0,0.0,6,30.19
1.042016807,93.0,0,6.0,14,30.21
0.739495798,89.0,0,0.0,14,30.23
0.43697479,93.0,0,5.0,14,30.25
0.134453782,72.0,0,8.0,14,30.29
0.1680672269999999,54.0,0,3.0,14,30.26
0.470588235,42.0,0,0.0,14,30.25
0.773109244,58.0,0,0.0,14,30.25
1.075630252,66.0,0,3.0,14,30.26
1.040201005,80.0,0,0.0,14,30.25
0.738693467,77.0,0,0.0,14,30.24
0.43718593,77.0,0,0.0,14,30.24
0.1356783919999999,48.0,0,6.0,14,30.26
0.1658291459999999,45.0,0,5.0,14,30.19
0.467336683,36.5,0,0.0,14,30.15
0.7688442209999999,48.0,0,3.0,14,30.15
1.070351759,67.0,0,3.0,14,30.16
1.038461538,74.0,0,0.0,13,30.15
0.737458194,77.0,0,0.0,13,30.15
0.436454849,86.0,1,0.0,13,30.15
0.135451505,55.0,1,3.0,13,30.17
0.165551839,37.0,1,3.0,13,30.09
0.466555184,52.0,2,5.0,13,30.04
0.767558528,50.0,1,0.0,13,30.04
1.068561873,55.0,2,0.0,13,30.05
1.03327787,83.0,2,0.0,4,30.04
0.7337770379999999,74.0,3,5.0,4,30.01
0.434276206,77.0,3,3.0,4,29.99
0.134775374,75.0,4,3.0,4,30.02
0.164725458,67.0,4,0.0,4,29.98
0.46422629,72.0,4,3.0,4,29.98
0.763727121,77.0,4,3.0,4,29.98
1.063227953,83.0,4,7.0,4,30.0
1.031561462,83.0,4,5.0,2,29.98
0.73255814,93.0,4,0.0,2,29.98
0.433554817,93.0,4,9.0,2,29.98
0.134551495,96.0,4,0.0,2,30.02
0.164451827,93.0,4,7.0,2,30.0
0.46345515,93.0,4,0.0,2,30.0
0.762458472,93.0,4,0.0,2,30.0
1.061461794,86.0,4,3.0,2,30.01
1.029801325,75.0,4,7.0,32,30.01
0.7317880790000001,93.0,4,3.0,32,30.02
0.433774834,96.0,4,3.0,32,30.02
0.135761589,96.0,4,0.0,32,30.05
0.162251656,96.0,4,0.0,32,30.03
0.460264901,96.0,4,0.0,32,30.02
0.758278146,96.0,4,0.0,32,30.04
1.056291391,96.0,4,7.0,32,30.07
1.02640264,96.0,4,8.0,27,30.09
0.729372937,96.0,4,14.0,27,30.12
0.4323432339999999,90.0,4,10.0,27,30.14
0.135313531,93.0,4,10.0,27,30.18
0.161716172,80.0,4,10.0,27,30.15
0.458745875,80.0,4,9.0,27,30.15
0.755775578,80.0,4,9.0,27,30.14
1.052805281,69.0,4,13.0,27,30.17
1.024711697,71.0,4,16.0,28,30.15
0.7281713340000001,69.0,3,21.0,28,30.11
0.4316309720000001,74.0,2,18.0,28,30.09
0.13509061,69.0,2,18.0,28,30.11
0.161449753,72.0,3,21.0,28,30.05
0.457990115,72.0,3,21.0,28,29.99
0.754530478,77.0,2,21.0,28,29.98
1.05107084,80.0,2,11.0,28,30.0
1.02134647,77.0,1,7.0,32,30.01
0.725779967,79.0,1,5.0,32,30.03
0.430213465,79.0,1,3.0,32,30.07
0.1346469619999999,71.0,1,3.0,32,30.12
0.16091954,66.0,1,5.0,32,30.1
0.4564860429999999,51.0,1,6.0,32,30.12
0.752052545,71.0,0,8.0,32,30.2
1.047619048,54.0,0,7.0,32,30.26
1.019639935,52.0,0,15.0,36,30.31
0.7250409170000001,44.0,0,5.0,36,30.39
0.4304418989999999,42.0,1,6.0,36,30.42
0.135842881,36.5,1,0.0,36,30.49
0.158756137,36.5,1,5.0,36,30.48
0.453355155,53.0,1,5.0,36,30.47
0.747954173,68.0,0,9.0,36,30.49
1.042553191,66.0,0,5.0,36,30.51
1.017973856,76.0,0,0.0,27,30.5
0.723856209,79.0,0,3.0,27,30.49
0.4297385620000001,86.0,0,3.0,27,30.5
0.135620915,61.0,0,3.0,27,30.5
0.158496732,40.0,0,0.0,27,30.39
0.452614379,67.0,1,16.0,27,30.32
0.746732026,90.0,1,13.0,27,30.3
1.040849673,89.0,0,0.0,27,30.31
1.01465798,86.0,0,0.0,10,30.29
0.7214983709999999,86.0,0,6.0,10,30.3
0.428338762,53.0,1,14.0,10,30.33
0.135179153,49.0,0,9.0,10,30.37
0.157980456,46.0,0,6.0,10,30.31
0.451140065,36.5,0,5.0,10,30.29
0.7442996740000001,75.0,0,0.0,10,30.3
1.037459283,64.0,0,3.0,10,30.31
1.009724473,80.0,0,5.0,29,30.31
0.717990276,83.0,0,6.0,29,30.3
0.426256078,89.0,1,3.0,29,30.31
0.13452188,77.0,0,0.0,29,30.32
0.157212318,75.0,0,3.0,29,30.25
0.448946515,56.0,0,3.0,29,30.21
0.7406807129999999,77.0,0,9.0,29,30.2
1.032414911,93.0,1,11.0,29,30.21
1.0064620359999998,93.0,1,13.0,28,30.18
0.7156704359999999,89.0,1,3.0,28,30.17
0.424878837,89.0,0,0.0,28,30.16
0.134087237,83.0,0,0.0,28,30.19
0.1567043619999999,80.0,0,5.0,28,30.14
0.447495961,67.0,0,10.0,28,30.09
0.7382875609999999,83.0,0,7.0,28,30.09
1.02907916,89.0,1,5.0,28,30.12
1.003220612,86.0,0,0.0,32,30.13
0.7133655390000001,83.0,1,0.0,32,30.15
0.4235104670000001,86.0,0,0.0,32,30.18
0.133655395,42.0,0,3.0,32,30.23
0.156199678,36.5,0,5.0,32,30.18
0.44605475,36.5,0,5.0,32,30.17
0.735909823,45.0,0,5.0,32,30.19
1.025764895,59.0,0,0.0,32,30.21
1.003215434,77.0,0,0.0,7,30.22
0.713826367,80.0,0,5.0,7,30.21
0.424437299,89.0,1,5.0,7,30.22
0.135048232,72.0,1,3.0,7,30.26
0.154340836,69.0,0,6.0,7,30.2
0.443729904,49.0,0,0.0,7,30.15
0.7331189709999999,65.0,0,0.0,7,30.15
1.022508039,77.0,0,0.0,7,30.17
1.0,80.0,0,0.0,32,30.14
0.711538462,86.0,0,0.0,32,30.11
0.423076923,93.0,0,3.0,32,30.1
0.134615385,67.0,0,6.0,32,30.1
0.153846154,72.0,0,5.0,32,30.02
0.442307692,58.0,1,8.0,32,29.97
0.7307692309999999,46.0,1,0.0,32,29.97
1.019230769,62.0,1,7.0,32,29.98
0.996805112,61.0,2,0.0,20,29.99
0.7092651759999999,96.0,2,7.0,20,29.97
0.42172524,89.0,4,5.0,20,29.97
0.134185304,93.0,3,0.0,20,29.99
0.153354633,78.0,4,0.0,20,29.95
0.4408945689999999,65.0,4,0.0,20,29.9
0.728434505,75.0,4,3.0,20,29.89
1.015974441,44.0,4,20.0,20,29.9
0.993630573,72.0,2,8.0,16,29.89
0.707006369,90.0,4,8.0,16,29.91
0.420382166,90.0,4,8.0,16,29.91
0.1337579619999999,83.0,3,11.0,16,29.96
0.1528662419999999,86.0,4,10.0,16,29.92
0.439490446,72.0,3,14.0,16,29.9
0.72611465,80.0,2,14.0,16,29.9
1.012738854,83.0,3,13.0,16,29.89
0.99047619,86.0,3,9.0,13,29.86
0.704761905,86.0,3,8.0,13,29.82
0.419047619,96.0,4,10.0,13,29.79
0.133333333,80.0,3,6.0,13,29.81
0.152380952,83.0,4,6.0,13,29.79
0.438095238,77.0,4,7.0,13,29.79
0.7238095240000001,86.0,4,6.0,13,29.8
1.00952381,86.0,4,15.0,13,29.83
0.987341772,83.0,3,9.0,32,29.85
0.702531646,86.0,3,10.0,32,29.84
0.417721519,86.0,2,7.0,32,29.86
0.132911392,83.0,3,3.0,32,29.89
0.151898734,77.0,3,0.0,32,29.85
0.436708861,69.0,2,11.0,32,29.85
0.7215189870000001,66.0,0,5.0,32,29.84
1.006329114,86.0,1,8.0,32,29.84
0.982677165,89.0,1,3.0,23,29.86
0.699212598,93.0,2,0.0,23,29.86
0.415748031,93.0,3,3.0,23,29.9
0.132283465,86.0,4,6.0,23,29.93
0.1511811019999999,77.0,4,10.0,23,29.91
0.434645669,69.0,3,16.0,23,29.85
0.7181102359999999,86.0,4,11.0,23,29.82
1.001574803,77.0,3,15.0,23,29.83
0.979591837,68.0,3,18.0,29,29.84
0.697017268,74.0,3,10.0,29,29.85
0.4144426999999999,77.0,3,6.0,29,29.89
0.131868132,59.0,3,21.0,29,29.96
0.150706436,47.0,1,28.0,29,29.97
0.433281005,64.0,1,26.0,29,30.0
0.715855573,68.0,1,21.0,29,30.04
0.998430141,71.0,1,10.0,29,30.09
0.976525822,73.0,1,6.0,22,30.12
0.6948356809999999,73.0,1,3.0,22,30.13
0.41314554,70.0,0,5.0,22,30.18
0.131455399,54.0,1,14.0,22,30.22
0.150234742,59.0,3,8.0,22,30.21
0.431924883,61.0,3,11.0,22,30.18
0.713615023,61.0,4,14.0,22,30.14
0.995305164,80.0,3,17.0,22,30.11
0.973478939,89.0,3,15.0,22,30.09
0.692667707,86.0,2,6.0,22,30.12
0.411856474,96.0,3,6.0,22,30.14
0.131045242,83.0,3,8.0,22,30.16
0.149765991,72.0,3,8.0,22,30.12
0.4305772229999999,83.0,4,10.0,22,30.1
0.7113884559999999,77.0,2,9.0,22,30.09
0.992199688,89.0,3,7.0,22,30.1
0.968944099,89.0,3,3.0,22,30.09
0.689440994,86.0,3,6.0,22,30.09
0.409937888,86.0,2,0.0,22,30.14
0.130434783,77.0,2,5.0,22,30.2
0.149068323,66.0,1,5.0,22,30.17
0.428571429,59.0,3,8.0,22,30.15
0.7080745340000001,74.0,4,6.0,22,30.15
0.98757764,71.0,4,13.0,22,30.1
0.965944272,80.0,4,10.0,21,30.02
0.687306502,80.0,4,21.0,21,29.96
0.408668731,89.0,3,0.0,21,29.97
0.13003096,71.0,2,7.0,21,29.98
0.148606811,57.0,2,10.0,21,29.96
0.427244582,83.0,4,11.0,21,29.96
0.705882353,83.0,3,8.0,21,29.94
0.984520124,80.0,3,6.0,21,29.97
0.962962963,86.0,2,6.0,14,29.98
0.685185185,89.0,3,7.0,14,29.98
0.4074074070000001,93.0,3,8.0,14,30.01
0.12962963,80.0,3,11.0,14,30.04
0.148148148,64.0,3,15.0,14,29.99
0.425925926,59.0,3,17.0,14,29.94
0.703703704,69.0,4,11.0,14,29.91
0.981481481,66.0,3,14.0,14,29.86
0.96,66.0,4,23.0,13,29.79
0.683076923,83.0,4,24.0,13,29.74
0.406153846,93.0,4,22.0,13,29.73
0.129230769,89.0,4,20.0,13,29.75
0.147692308,83.0,4,24.0,13,29.7
0.424615385,83.0,4,16.0,13,29.71
0.701538462,93.0,4,14.0,13,29.64
0.978461538,93.0,4,7.0,13,29.62
0.957055215,89.0,4,9.0,15,29.59
0.680981595,80.0,4,13.0,15,29.52
0.404907975,89.0,4,14.0,15,29.48
0.1288343559999999,89.0,4,9.0,15,29.56
0.147239264,74.0,3,11.0,15,29.61
0.423312883,66.0,3,17.0,15,29.64
0.6993865029999999,83.0,4,15.0,15,29.68
0.975460123,83.0,3,14.0,15,29.71
0.95412844,86.0,3,14.0,18,29.74
0.678899083,80.0,4,14.0,18,29.74
0.403669725,80.0,4,11.0,18,29.79
0.128440367,72.0,3,14.0,18,29.87
0.146788991,74.0,4,17.0,18,29.92
0.4220183489999999,80.0,3,6.0,18,29.96
0.697247706,83.0,3,6.0,18,30.02
0.972477064,86.0,3,6.0,18,30.1
0.949771689,93.0,3,5.0,7,30.15
0.675799087,93.0,2,5.0,7,30.18
0.401826484,93.0,1,0.0,7,30.22
0.127853881,83.0,3,8.0,7,30.25
0.146118721,75.0,3,6.0,7,30.21
0.420091324,62.0,4,0.0,7,30.19
0.6940639270000001,67.0,3,0.0,7,30.2
0.96803653,77.0,2,0.0,7,30.2
0.946889226,86.0,0,3.0,16,30.19
0.673748103,93.0,0,0.0,16,30.17
0.40060698,93.0,1,0.0,16,30.2
0.127465857,83.0,1,6.0,16,30.22
0.145675266,72.0,2,3.0,16,30.18
0.418816388,40.0,2,10.0,16,30.13
0.6919575109999999,69.0,1,6.0,16,30.14
0.965098634,69.0,0,0.0,16,30.16
0.942511346,77.0,2,3.0,32,30.17
0.670196672,80.0,3,0.0,32,30.18
0.397881997,86.0,3,3.0,32,30.18
0.1255673219999999,69.0,3,5.0,32,30.19
0.146747352,60.0,3,0.0,32,30.13
0.419062027,58.0,4,0.0,32,30.07
0.691376702,75.0,2,0.0,32,30.05
0.963691377,74.0,1,5.0,32,30.06
0.938253012,83.0,1,3.0,14,30.06
0.667168675,93.0,2,0.0,14,30.06
0.396084337,86.0,3,3.0,14,30.05
0.125,83.0,3,6.0,14,30.05
0.1460843369999999,83.0,4,0.0,14,30.04
0.417168675,62.0,4,6.0,14,30.0
0.688253012,78.0,4,24.0,14,29.93
0.959337349,78.0,4,15.0,14,29.92
0.934032984,78.0,4,20.0,15,29.97
0.664167916,86.0,4,0.0,15,29.97
0.394302849,93.0,4,10.0,15,29.96
0.124437781,93.0,4,7.0,15,29.99
0.145427286,90.0,4,7.0,15,29.99
0.415292354,90.0,4,13.0,15,29.99
0.685157421,83.0,4,7.0,15,29.99
0.955022489,90.0,4,11.0,15,30.02
0.931240658,93.0,4,0.0,17,30.02
0.662182362,90.0,4,6.0,17,30.01
0.393124066,87.0,4,25.0,17,30.0
0.12406577,87.0,4,26.0,17,30.07
0.1449925259999999,84.0,4,18.0,17,30.07
0.414050822,81.0,3,15.0,17,30.07
0.683109118,87.0,4,16.0,17,30.09
0.952167414,90.0,4,14.0,17,30.13
0.928464978,90.0,4,10.0,27,30.15
0.660208644,96.0,4,3.0,27,30.17
0.39195231,100.0,3,3.0,27,30.18
0.123695976,78.0,1,5.0,27,30.19
0.144560358,72.0,2,5.0,27,30.17
0.412816692,60.0,3,13.0,27,30.12
0.681073025,77.0,3,8.0,27,30.08
0.949329359,86.0,3,5.0,27,30.08
0.924332344,83.0,3,6.0,17,30.07
0.65727003,86.0,3,5.0,17,30.08
0.390207715,86.0,3,8.0,17,30.11
0.123145401,77.0,3,6.0,17,30.15
0.143916914,58.0,3,13.0,17,30.15
0.410979228,72.0,4,11.0,17,30.13
0.678041543,80.0,4,10.0,17,30.14
0.945103858,80.0,4,9.0,17,30.15
0.921597633,90.0,3,9.0,27,30.14
0.655325444,96.0,4,11.0,27,30.15
0.3890532539999999,90.0,4,7.0,27,30.16
0.122781065,80.0,3,9.0,27,30.22
0.143491124,75.0,3,14.0,27,30.21
0.409763314,67.0,2,22.0,27,30.18
0.6760355029999999,74.0,2,13.0,27,30.21
0.942307692,77.0,2,8.0,27,30.23
0.91740413,74.0,0,6.0,32,30.23
0.651917404,74.0,1,5.0,32,30.21
0.3864306779999999,74.0,3,5.0,32,30.23
0.120943953,66.0,2,8.0,32,30.21
0.144542773,64.0,3,6.0,32,30.17
0.4100294989999999,62.0,3,0.0,32,30.14
0.6755162240000001,67.0,3,0.0,32,30.1
0.94100295,69.0,2,0.0,32,30.12
0.913362702,77.0,3,6.0,10,30.11
0.649045521,80.0,3,5.0,10,30.06
0.384728341,71.0,3,0.0,10,30.04
0.12041116,69.0,4,3.0,10,30.05
0.143906021,70.0,4,5.0,10,30.01
0.408223201,75.0,4,5.0,10,29.96
0.672540382,75.0,4,3.0,10,29.97
0.936857562,83.0,4,0.0,10,29.97
0.910688141,90.0,4,11.0,14,29.98
0.647144949,80.0,3,6.0,14,29.98
0.383601757,86.0,4,5.0,14,30.04
0.120058565,83.0,4,5.0,14,30.04
0.143484627,87.0,4,16.0,14,29.97
0.407027818,90.0,4,23.0,14,29.87
0.67057101,90.0,4,3.0,14,29.92
0.934114202,78.0,4,25.0,14,29.93
0.906705539,87.0,3,20.0,19,29.94
0.644314869,87.0,3,17.0,19,29.91
0.381924198,93.0,4,17.0,19,29.91
0.119533528,90.0,4,11.0,19,29.91
0.142857143,86.0,4,22.0,19,29.9
0.4052478129999999,67.0,2,30.0,19,29.89
0.667638484,75.0,4,26.0,19,29.89
0.930029155,67.0,3,22.0,19,29.94
0.904069767,75.0,3,20.0,20,29.94
0.64244186,75.0,3,18.0,20,29.91
0.380813953,75.0,3,24.0,20,29.9
0.1191860469999999,90.0,3,11.0,20,29.95
0.14244186,83.0,3,17.0,20,29.91
0.404069767,55.0,3,24.0,20,29.86
0.665697674,64.0,3,20.0,20,29.85
0.927325581,89.0,3,9.0,20,29.88
0.9,74.0,3,8.0,18,29.89
0.639130435,83.0,2,5.0,18,29.91
0.37826087,80.0,3,6.0,18,29.96
0.117391304,77.0,3,5.0,18,30.03
0.143478261,57.0,3,13.0,18,30.03
0.404347826,55.0,3,11.0,18,30.03
0.665217391,71.0,3,9.0,18,30.05
0.926086957,71.0,2,10.0,18,30.07
0.896103896,83.0,4,5.0,27,30.1
0.636363636,96.0,4,10.0,27,30.11
0.376623377,77.0,3,6.0,27,30.14
0.116883117,80.0,3,3.0,27,30.18
0.142857143,69.0,3,5.0,27,30.16
0.4025974029999999,62.0,3,10.0,27,30.13
0.662337662,72.0,3,10.0,27,30.13
0.922077922,77.0,2,7.0,27,30.14
0.89352518,77.0,3,14.0,28,30.14
0.634532374,71.0,2,9.0,28,30.14
0.375539568,80.0,4,3.0,28,30.14
0.116546763,67.0,3,14.0,28,30.15
0.142446043,64.0,3,17.0,28,30.13
0.401438849,64.0,3,18.0,28,30.1
0.660431655,77.0,2,15.0,28,30.11
0.91942446,80.0,1,11.0,28,30.11
0.8896848140000001,86.0,1,6.0,28,30.1
0.6318051579999999,93.0,1,0.0,28,30.08
0.373925501,93.0,1,0.0,28,30.11
0.116045845,80.0,1,6.0,28,30.15
0.141833811,75.0,1,3.0,28,30.12
0.399713467,67.0,2,14.0,28,30.07
0.657593123,77.0,1,13.0,28,30.07
0.915472779,80.0,0,8.0,28,30.07
0.971428571,83.0,3,6.0,26,30.07
0.7142857140000001,83.0,4,3.0,26,30.03
0.457142857,77.0,4,9.0,26,30.03
0.2,72.0,2,5.0,26,30.03
0.057142857,59.0,1,17.0,26,30.01
0.314285714,64.0,1,22.0,26,29.97
0.571428571,71.0,1,10.0,26,29.96
0.828571429,61.0,1,24.0,26,29.98
0.967283073,58.0,1,18.0,29,30.01
0.711237553,65.0,0,10.0,29,30.04
0.4551920339999999,53.0,1,14.0,29,30.07
0.199146515,48.0,1,11.0,29,30.12
0.056899004,45.0,1,15.0,29,30.12
0.312944523,50.0,1,18.0,29,30.11
0.568990043,63.0,0,16.0,29,30.13
0.8250355620000001,68.0,0,8.0,29,30.16
0.964539007,65.0,0,5.0,27,30.17
0.709219858,79.0,0,3.0,27,30.16
0.4539007089999999,77.0,0,6.0,27,30.18
0.19858156,71.0,1,3.0,27,30.2
0.056737589,45.0,1,3.0,27,30.14
0.312056738,53.0,1,17.0,27,30.08
0.5673758870000001,61.0,1,17.0,27,30.07
0.822695035,71.0,3,6.0,27,30.09
0.961810467,73.0,3,0.0,28,30.07
0.707213579,73.0,1,3.0,28,30.04
0.45261669,79.0,1,0.0,28,30.05
0.198019802,74.0,1,5.0,28,30.07
0.056577086,41.0,1,0.0,28,30.03
0.311173975,57.0,2,14.0,28,30.0
0.565770863,69.0,0,16.0,28,30.02
0.8203677509999999,77.0,0,7.0,28,30.06
0.957686883,86.0,1,6.0,28,30.07
0.703808181,86.0,1,0.0,28,30.07
0.449929478,89.0,1,5.0,28,30.1
0.196050776,77.0,1,5.0,28,30.13
0.057827927,62.0,1,14.0,28,30.1
0.311706629,72.0,1,20.0,28,30.1
0.565585331,83.0,1,17.0,28,30.1
0.819464034,86.0,1,13.0,28,30.15
0.953651685,89.0,1,10.0,27,30.15
0.700842697,89.0,4,7.0,27,30.15
0.448033708,83.0,4,0.0,27,30.16
0.195224719,77.0,2,5.0,27,30.18
0.05758427,72.0,1,14.0,27,30.12
0.310393258,72.0,1,24.0,27,30.09
0.563202247,83.0,2,14.0,27,30.07
0.8160112359999999,77.0,4,13.0,27,30.1
0.950980392,77.0,4,15.0,27,30.08
0.6988795520000001,71.0,4,11.0,27,30.06
0.446778711,66.0,4,9.0,27,30.05
0.194677871,66.0,4,17.0,27,30.08
0.057422969,64.0,4,17.0,27,30.05
0.30952381,64.0,4,16.0,27,30.03
0.56162465,74.0,4,13.0,27,30.04
0.81372549,77.0,3,10.0,27,30.05
0.947001395,77.0,4,8.0,18,30.05
0.69595537,93.0,4,5.0,18,30.04
0.444909344,96.0,4,7.0,18,30.08
0.1938633189999999,90.0,4,6.0,18,30.12
0.0571827059999999,78.0,4,10.0,18,30.12
0.308228731,75.0,4,13.0,18,30.11
0.559274756,80.0,3,8.0,18,30.13
0.8103207809999999,83.0,3,7.0,18,30.17
0.942976356,90.0,4,13.0,20,30.17
0.6926286509999999,96.0,4,9.0,20,30.18
0.442280946,96.0,4,7.0,20,30.22
0.191933241,87.0,4,11.0,20,30.26
0.058414465,72.0,3,10.0,20,30.26
0.30876217,70.0,3,16.0,20,30.25
0.559109875,87.0,3,8.0,20,30.26
0.80945758,93.0,4,6.0,20,30.29
0.939058172,93.0,2,6.0,28,30.28
0.6897506929999999,96.0,4,5.0,28,30.28
0.4404432129999999,90.0,4,0.0,28,30.3
0.1911357339999999,75.0,3,6.0,28,30.31
0.058171745,72.0,3,5.0,28,30.28
0.307479224,78.0,2,15.0,28,30.24
0.556786704,86.0,3,22.0,28,30.24
0.806094183,90.0,2,14.0,28,30.24
0.936464088,93.0,2,10.0,29,30.23
0.6878453040000001,93.0,2,6.0,29,30.22
0.439226519,90.0,4,0.0,29,30.22
0.190607735,83.0,3,0.0,29,30.22
0.05801105,75.0,3,5.0,29,30.16
0.306629834,61.0,3,17.0,29,30.1
0.555248619,72.0,3,17.0,29,30.07
0.8038674029999999,77.0,2,8.0,29,30.05
0.931224209,80.0,3,3.0,28,30.04
0.6836313620000001,86.0,3,8.0,28,30.02
0.436038514,86.0,1,13.0,28,30.03
0.1884456669999999,78.0,2,3.0,28,30.03
0.05914718,67.0,2,20.0,28,29.99
0.306740028,70.0,2,24.0,28,29.97
0.554332875,77.0,1,17.0,28,29.95
0.801925722,86.0,2,16.0,28,29.96
0.92866941,90.0,1,14.0,27,29.95
0.68175583,93.0,4,18.0,27,29.95
0.43484225,96.0,4,14.0,27,29.96
0.187928669,83.0,3,10.0,27,29.97
0.0589849109999999,75.0,1,20.0,27,29.94
0.305898491,83.0,3,24.0,27,29.91
0.552812071,83.0,2,14.0,27,29.9
0.799725652,86.0,2,11.0,27,29.91
0.924863388,83.0,4,14.0,22,29.93
0.6789617490000001,86.0,4,16.0,22,29.92
0.4330601089999999,77.0,3,7.0,22,29.95
0.18715847,69.0,3,10.0,22,29.97
0.058743169,77.0,4,13.0,22,29.97
0.3046448089999999,78.0,4,17.0,22,29.95
0.550546448,80.0,4,10.0,22,29.93
0.796448087,74.0,3,0.0,22,29.94
0.920980926,86.0,4,10.0,29,29.95
0.675749319,77.0,4,20.0,29,30.0
0.430517711,66.0,3,26.0,29,30.08
0.1852861039999999,59.0,2,29.0,29,30.18
0.059945504,54.0,2,26.0,29,30.21
0.305177112,55.0,1,26.0,29,30.22
0.550408719,61.0,1,26.0,29,30.26
0.795640327,63.0,1,16.0,29,30.31
0.917232022,65.0,0,5.0,29,30.34
0.672998643,70.0,0,5.0,29,30.33
0.428765265,63.0,1,7.0,29,30.36
0.184531886,43.0,0,18.0,29,30.38
0.059701493,43.0,0,16.0,29,30.35
0.303934871,57.0,1,28.0,29,30.3
0.54816825,64.0,1,16.0,29,30.26
0.792401628,74.0,0,14.0,29,30.28
0.914749662,77.0,1,8.0,27,30.27
0.671177267,83.0,0,0.0,27,30.25
0.427604871,80.0,1,3.0,27,30.27
0.184032476,67.0,0,6.0,27,30.29
0.059539919,60.0,1,17.0,27,30.23
0.303112314,67.0,1,21.0,27,30.19
0.546684709,80.0,2,22.0,27,30.17
0.790257104,86.0,2,11.0,27,30.18
0.911051213,90.0,2,7.0,27,30.17
0.668463612,89.0,1,3.0,27,30.15
0.425876011,86.0,1,5.0,27,30.16
0.18328841,67.0,2,11.0,27,30.17
0.0592991909999999,60.0,2,20.0,27,30.13
0.301886792,62.0,3,24.0,27,30.1
0.544474394,83.0,2,30.0,27,30.07
0.787061995,86.0,2,25.0,27,30.1
0.908479139,90.0,3,17.0,27,30.08
0.666218035,90.0,2,10.0,27,30.05
0.423956931,86.0,1,11.0,27,30.05
0.181695828,72.0,1,7.0,27,30.05
0.0605652759999999,60.0,1,17.0,27,30.02
0.30282638,70.0,2,24.0,27,29.98
0.545087483,77.0,2,22.0,27,29.97
0.787348587,83.0,0,20.0,27,29.99
0.904825737,86.0,0,11.0,28,29.98
0.663538874,83.0,0,13.0,28,29.98
0.422252011,83.0,1,6.0,28,30.01
0.180965147,65.0,1,0.0,28,30.03
0.060321716,41.0,1,14.0,28,30.01
0.301608579,52.0,1,18.0,28,29.98
0.5428954420000001,72.0,1,13.0,28,29.99
0.7841823059999999,80.0,0,9.0,28,30.0
0.902406417,80.0,0,3.0,28,29.99
0.661764706,83.0,0,3.0,28,29.97
0.421122995,83.0,0,5.0,28,30.0
0.180481283,78.0,0,6.0,28,30.0
0.0601604279999999,55.0,1,11.0,28,29.94
0.3008021389999999,67.0,3,20.0,28,29.91
0.54144385,72.0,2,21.0,28,29.89
0.7820855609999999,83.0,2,20.0,28,29.94
0.89747004,86.0,1,21.0,28,29.92
0.657789614,93.0,4,23.0,28,29.9
0.4181091879999999,77.0,1,18.0,28,29.94
0.178428762,53.0,1,9.0,28,29.97
0.061251664,46.0,1,22.0,28,29.97
0.300932091,51.0,0,26.0,28,29.94
0.540612517,69.0,0,23.0,28,29.95
0.780292943,42.0,0,13.0,28,30.01
0.895086321,42.0,0,28.0,32,30.01
0.6560424970000001,42.0,0,24.0,32,30.03
0.416998672,40.0,1,16.0,32,30.08
0.177954847,36.5,1,13.0,32,30.11
0.061088977,36.5,0,3.0,32,30.08
0.300132802,51.0,1,23.0,32,30.05
0.539176627,64.0,1,18.0,32,30.06
0.778220452,71.0,0,9.0,32,30.1
0.8915343920000001,77.0,0,6.0,27,30.11
0.653439153,74.0,0,5.0,27,30.09
0.415343915,86.0,1,3.0,27,30.11
0.177248677,72.0,1,3.0,27,30.12
0.0608465609999999,45.0,3,16.0,27,30.07
0.298941799,52.0,2,25.0,27,30.02
0.537037037,62.0,2,30.0,27,29.97
0.775132275,83.0,2,26.0,27,30.0
0.887862797,77.0,2,26.0,27,29.98
0.6503957779999999,77.0,0,16.0,27,29.99
0.41292876,77.0,2,14.0,27,30.01
0.175461741,54.0,1,10.0,27,30.02
0.062005277,52.0,0,25.0,27,30.0
0.299472296,60.0,0,26.0,27,29.95
0.536939314,80.0,2,25.0,27,29.93
0.774406332,86.0,2,20.0,27,29.97
0.8843626809999999,93.0,4,28.0,27,29.97
0.6478318000000001,86.0,3,8.0,27,29.94
0.41130092,89.0,2,17.0,27,29.96
0.174770039,75.0,1,24.0,27,29.98
0.061760841,75.0,3,30.0,27,29.96
0.298291721,64.0,2,30.0,27,29.89
0.534822602,74.0,2,25.0,27,29.91
0.771353482,80.0,2,28.0,27,29.94
0.882044561,83.0,1,22.0,28,29.94
0.646133683,77.0,2,17.0,28,29.94
0.410222805,71.0,1,13.0,28,30.0
0.174311927,55.0,0,20.0,28,30.0
0.061598952,51.0,0,26.0,28,29.98
0.29750983,51.0,1,28.0,28,29.94
0.533420708,69.0,0,18.0,28,29.95
0.769331586,71.0,0,14.0,28,30.0
0.878590078,80.0,0,6.0,28,30.0
0.6436031329999999,83.0,0,6.0,28,30.02
0.408616188,77.0,0,0.0,28,30.04
0.173629243,37.0,0,3.0,28,30.07
0.061357702,38.0,1,0.0,28,30.06
0.296344648,36.5,2,17.0,28,30.02
0.531331593,50.0,1,16.0,28,30.02
0.7663185379999999,50.0,0,0.0,28,30.05
0.875,46.0,0,0.0,23,30.06
0.640625,61.0,0,0.0,23,30.07
0.40625,71.0,1,0.0,23,30.09
0.171875,58.0,0,5.0,23,30.1
0.0625,37.0,0,5.0,23,30.06
0.296875,36.5,0,9.0,23,30.02
0.53125,36.5,0,6.0,23,30.02
0.765625,39.0,0,0.0,23,30.04
0.871595331,49.0,0,0.0,29,30.04
0.638132296,50.0,0,6.0,29,30.02
0.404669261,59.0,0,3.0,29,30.03
0.171206226,36.5,1,7.0,29,30.01
0.062256809,36.5,3,3.0,29,29.97
0.295719844,36.5,3,13.0,29,29.94
0.5291828789999999,50.0,2,9.0,29,29.92
0.762645914,64.0,1,10.0,29,29.93
0.870466321,77.0,3,3.0,18,29.92
0.637305699,64.0,3,10.0,18,29.88
0.404145078,77.0,3,6.0,18,29.9
0.170984456,86.0,4,10.0,18,29.94
0.062176166,93.0,4,3.0,18,29.92
0.295336788,60.0,3,20.0,18,29.92
0.528497409,93.0,3,13.0,18,29.92
0.761658031,80.0,4,9.0,18,29.95
0.8658064520000001,86.0,4,10.0,21,29.98
0.633548387,86.0,3,10.0,21,29.98
0.4012903229999999,83.0,3,3.0,21,30.02
0.169032258,72.0,3,11.0,21,30.08
0.063225806,67.0,4,15.0,21,30.09
0.295483871,65.0,3,16.0,21,30.06
0.527741935,75.0,2,15.0,21,30.05
0.76,75.0,2,7.0,21,30.07
0.863577864,77.0,4,8.0,20,30.05
0.6319176320000001,77.0,4,5.0,20,30.03
0.4002574,74.0,4,8.0,20,30.02
0.168597169,77.0,4,7.0,20,30.01
0.063063063,64.0,4,17.0,20,29.97
0.294723295,77.0,4,11.0,20,29.92
0.526383526,77.0,4,9.0,20,29.89
0.758043758,80.0,4,8.0,20,29.88
0.86025641,83.0,4,6.0,27,29.86
0.629487179,86.0,4,8.0,27,29.83
0.3987179489999999,83.0,4,13.0,27,29.85
0.167948718,67.0,3,10.0,27,29.89
0.062820513,58.0,1,8.0,27,29.88
0.293589744,64.0,2,29.0,27,29.88
0.524358974,71.0,2,25.0,27,29.89
0.755128205,80.0,2,16.0,27,29.93
0.858056266,83.0,1,16.0,27,29.95
0.627877238,80.0,1,14.0,27,29.97
0.39769821,74.0,2,8.0,27,30.04
0.167519182,64.0,2,18.0,27,30.12
0.062659847,56.0,2,17.0,27,30.14
0.292838875,67.0,3,23.0,27,30.15
0.523017903,83.0,3,16.0,27,30.16
0.753196931,90.0,4,22.0,27,30.21
0.853503185,96.0,4,17.0,27,30.24
0.624203822,90.0,4,20.0,27,30.23
0.394904459,86.0,2,9.0,27,30.26
0.165605096,65.0,1,9.0,27,30.27
0.063694268,65.0,2,18.0,27,30.26
0.292993631,70.0,2,22.0,27,30.22
0.522292994,80.0,2,25.0,27,30.2
0.751592357,83.0,2,17.0,27,30.21
0.85133418,90.0,2,13.0,27,30.17
0.622617535,90.0,3,20.0,27,30.13
0.393900889,93.0,4,15.0,27,30.13
0.165184244,75.0,3,16.0,27,30.11
0.063532402,60.0,3,21.0,27,30.07
0.292249047,53.0,3,30.0,27,30.0
0.520965693,69.0,3,28.0,27,29.96
0.749682338,71.0,2,17.0,27,29.97
0.8491761720000001,71.0,3,21.0,29,29.96
0.62103929,61.0,2,16.0,29,29.96
0.392902408,58.0,1,16.0,29,29.97
0.164765526,47.0,1,28.0,29,29.95
0.0633713559999999,49.0,1,30.0,29,29.94
0.291508238,61.0,2,30.0,29,29.91
0.51964512,68.0,2,30.0,29,29.92
0.747782003,63.0,0,16.0,29,29.97
0.8459595959999999,66.0,1,11.0,28,30.0
0.618686869,68.0,0,5.0,28,30.02
0.391414141,61.0,0,17.0,28,30.07
0.164141414,49.0,1,21.0,28,30.11
0.063131313,51.0,1,25.0,28,30.1
0.29040404,57.0,1,30.0,28,30.11
0.517676768,71.0,1,28.0,28,30.13
0.744949495,80.0,1,17.0,28,30.19
0.84256927,83.0,1,15.0,27,30.22
0.6158690179999999,83.0,2,17.0,27,30.23
0.389168766,80.0,3,15.0,27,30.27
0.162468514,59.0,1,3.0,27,30.28
0.064231738,57.0,1,21.0,27,30.27
0.29093199,62.0,3,24.0,27,30.25
0.517632242,74.0,2,29.0,27,30.22
0.744332494,77.0,1,22.0,27,30.25
0.8393977420000001,80.0,1,11.0,28,30.24
0.613550816,86.0,1,0.0,28,30.23
0.38770389,83.0,1,0.0,28,30.26
0.161856964,67.0,3,6.0,28,30.26
0.063989962,42.0,3,14.0,28,30.21
0.289836888,63.0,2,26.0,28,30.17
0.515683814,83.0,2,13.0,28,30.14
0.74153074,93.0,4,20.0,28,30.16
0.838345865,96.0,2,9.0,30,30.13
0.612781955,93.0,1,3.0,30,30.11
0.387218045,96.0,4,6.0,30,30.15
0.161654135,83.0,1,5.0,30,30.14
0.063909774,49.0,1,14.0,30,30.09
0.289473684,53.0,1,11.0,30,30.06
0.5150375939999999,75.0,1,10.0,30,30.05
0.740601504,80.0,0,7.0,30,30.07
0.83625,75.0,0,0.0,30,30.07
0.61125,74.0,0,0.0,30,30.06
0.38625,78.0,0,0.0,30,30.09
0.16125,75.0,0,3.0,30,30.11
0.06375,48.0,0,0.0,30,30.07
0.28875,43.0,0,5.0,30,30.02
0.51375,40.0,1,15.0,30,30.01
0.73875,51.0,0,5.0,30,30.04
0.833125778,61.0,0,3.0,31,30.04
0.608966376,87.0,0,0.0,31,30.02
0.3848069739999999,78.0,1,3.0,31,30.06
0.160647572,73.0,1,7.0,31,30.05
0.0635118309999999,60.0,1,6.0,31,30.0
0.287671233,36.5,2,11.0,31,29.94
0.511830635,36.5,2,15.0,31,29.95
0.735990037,44.0,0,0.0,31,29.98
0.829813665,70.0,1,0.0,29,29.95
0.60621118,68.0,2,3.0,29,29.93
0.382608696,70.0,3,0.0,29,29.95
0.159006211,70.0,3,5.0,29,29.94
0.064596273,52.0,3,3.0,29,29.9
0.288198758,36.5,3,23.0,29,29.86
0.511801242,36.5,3,16.0,29,29.84
0.735403727,36.5,1,8.0,29,29.87
0.827757125,60.0,0,0.0,29,29.85
0.604708798,72.0,0,7.0,29,29.83
0.381660471,67.0,1,6.0,29,29.86
0.158612144,61.0,1,16.0,29,29.9
0.064436183,63.0,1,20.0,29,29.88
0.287484511,68.0,2,18.0,29,29.83
0.5105328379999999,80.0,2,22.0,29,29.85
0.733581165,83.0,2,9.0,29,29.9
0.8246913579999999,80.0,3,10.0,26,29.9
0.602469136,80.0,2,9.0,26,29.9
0.380246914,77.0,3,7.0,26,29.94
0.158024691,70.0,3,5.0,26,29.96
0.064197531,54.0,3,17.0,26,29.95
0.286419753,51.0,3,20.0,26,29.94
0.508641975,71.0,2,13.0,26,29.94
0.730864198,69.0,3,8.0,26,29.96
0.822660099,77.0,4,11.0,27,29.96
0.600985222,74.0,4,21.0,27,29.97
0.379310345,71.0,4,26.0,27,30.01
0.157635468,59.0,2,30.0,27,30.05
0.064039409,55.0,1,30.0,27,30.07
0.285714286,57.0,2,29.0,27,30.05
0.5073891629999999,69.0,2,30.0,27,30.04
0.729064039,77.0,2,17.0,27,30.07
0.820638821,83.0,1,14.0,26,30.08
0.5995086,83.0,2,5.0,26,30.1
0.3783783779999999,77.0,3,16.0,26,30.14
0.157248157,64.0,2,20.0,26,30.17
0.063882064,57.0,1,23.0,26,30.16
0.285012285,64.0,1,28.0,26,30.15
0.506142506,74.0,2,20.0,26,30.13
0.727272727,77.0,2,30.0,26,30.13
0.817401961,80.0,3,20.0,26,30.11
0.596813725,77.0,3,14.0,26,30.1
0.37622549,77.0,2,16.0,26,30.09
0.155637255,62.0,1,3.0,26,30.07
0.06495098,52.0,1,14.0,26,30.04
0.285539216,62.0,1,22.0,26,30.02
0.506127451,74.0,1,21.0,26,29.99
0.7267156859999999,77.0,3,14.0,26,30.02
0.8144078140000001,77.0,4,11.0,26,30.02
0.594627595,74.0,4,10.0,26,29.99
0.374847375,74.0,3,11.0,26,30.0
0.155067155,64.0,3,21.0,26,29.99
0.064713065,66.0,3,23.0,26,30.02
0.2844932839999999,57.0,2,24.0,26,30.01
0.504273504,69.0,2,11.0,26,30.03
0.724053724,74.0,3,16.0,26,30.06
0.812423873,74.0,2,18.0,27,30.05
0.59317905,74.0,2,16.0,27,30.09
0.373934227,71.0,1,14.0,27,30.11
0.154689403,57.0,3,17.0,27,30.14
0.06455542,44.0,1,18.0,27,30.13
0.283800244,49.0,1,23.0,27,30.13
0.5030450670000001,66.0,1,13.0,27,30.14
0.72228989,74.0,2,11.0,27,30.17
0.810449575,83.0,2,9.0,27,30.17
0.5917375460000001,83.0,2,17.0,27,30.17
0.373025516,74.0,1,16.0,27,30.18
0.154313487,55.0,1,17.0,27,30.2
0.064398542,46.0,3,21.0,27,30.18
0.283110571,48.0,2,16.0,27,30.17
0.5018226,66.0,2,14.0,27,30.16
0.7205346290000001,77.0,1,10.0,27,30.17
0.808484848,77.0,1,7.0,27,30.18
0.59030303,77.0,1,10.0,27,30.15
0.372121212,74.0,3,15.0,27,30.18
0.153939394,55.0,3,13.0,27,30.19
0.064242424,44.0,3,15.0,27,30.15
0.282424242,50.0,4,14.0,27,30.07
0.500606061,64.0,4,20.0,27,30.1
0.7187878790000001,53.0,4,5.0,27,30.09
0.807506053,66.0,4,8.0,17,30.1
0.589588378,61.0,3,6.0,17,30.06
0.371670702,59.0,3,6.0,17,30.0
0.153753027,60.0,3,0.0,17,29.98
0.064164649,72.0,4,0.0,17,29.96
0.282082324,93.0,4,13.0,17,29.91
0.5,90.0,4,14.0,17,29.92
0.7179176759999999,90.0,4,17.0,17,29.98
0.805555556,87.0,3,10.0,18,29.97
0.588164251,90.0,3,9.0,18,29.99
0.370772947,81.0,4,5.0,18,30.04
0.153381643,87.0,4,8.0,18,30.07
0.064009662,81.0,4,20.0,18,30.08
0.281400966,75.0,4,18.0,18,30.08
0.498792271,84.0,4,13.0,18,30.07
0.716183575,84.0,3,10.0,18,30.09
0.802647413,93.0,4,10.0,23,30.13
0.586040915,87.0,4,11.0,23,30.09
0.369434416,93.0,4,13.0,23,30.1
0.152827918,81.0,4,15.0,23,30.13
0.06377858,75.0,4,13.0,23,30.14
0.280385078,75.0,4,9.0,23,30.1
0.496991576,87.0,3,6.0,23,30.08
0.713598075,96.0,2,8.0,23,30.11
0.799519808,93.0,3,7.0,20,30.08
0.583433373,96.0,3,5.0,20,30.08
0.367346939,90.0,4,0.0,20,30.08
0.151260504,84.0,4,6.0,20,30.06
0.06482593,66.0,4,13.0,20,30.04
0.280912365,73.0,3,16.0,20,30.03
0.4969988,90.0,3,11.0,20,30.01
0.713085234,93.0,4,9.0,20,30.01
0.79760479,90.0,4,8.0,23,30.01
0.5820359279999999,90.0,4,3.0,23,30.03
0.366467066,90.0,4,7.0,23,30.06
0.150898204,87.0,4,0.0,23,30.09
0.064670659,68.0,3,11.0,23,30.08
0.280239521,64.0,3,10.0,23,30.06
0.4958083829999999,75.0,3,6.0,23,30.07
0.711377246,90.0,4,11.0,23,30.12
0.795698925,90.0,3,10.0,28,30.11
0.580645161,93.0,3,3.0,28,30.1
0.3655913979999999,90.0,3,5.0,28,30.14
0.150537634,84.0,4,3.0,28,30.16
0.064516129,68.0,3,11.0,28,30.14
0.279569892,71.0,3,16.0,28,30.12
0.494623656,90.0,3,14.0,28,30.13
0.709677419,90.0,4,15.0,28,30.17
0.793802145,93.0,4,17.0,27,30.16
0.579261025,96.0,4,14.0,27,30.16
0.364719905,90.0,1,7.0,27,30.17
0.150178784,65.0,1,5.0,27,30.16
0.0643623359999999,51.0,1,22.0,27,30.15
0.278903456,52.0,1,26.0,27,30.09
0.4934445770000001,69.0,1,26.0,27,30.07
0.707985697,77.0,0,17.0,27,30.08
0.791914388,83.0,0,18.0,28,30.05
0.577883472,86.0,0,8.0,28,30.02
0.363852556,72.0,0,0.0,28,30.03
0.149821641,54.0,0,14.0,28,30.03
0.064209275,54.0,0,23.0,28,30.01
0.27824019,58.0,1,25.0,28,29.95
0.492271106,69.0,1,25.0,28,29.93
0.706302021,77.0,1,14.0,28,29.96
0.790035587,83.0,0,17.0,28,29.95
0.576512456,86.0,0,8.0,28,29.94
0.362989324,77.0,1,9.0,28,29.97
0.149466192,60.0,1,15.0,28,29.98
0.06405694,58.0,2,20.0,28,29.97
0.277580071,60.0,2,30.0,28,29.97
0.491103203,75.0,3,24.0,28,29.96
0.704626335,80.0,2,11.0,28,29.98
0.78816568,83.0,1,7.0,28,29.97
0.575147929,86.0,1,9.0,28,29.95
0.3621301779999999,75.0,2,0.0,28,29.97
0.149112426,59.0,2,16.0,28,29.98
0.063905325,54.0,2,21.0,28,29.96
0.276923077,58.0,1,30.0,28,29.94
0.489940828,51.0,2,22.0,28,29.93
0.70295858,64.0,1,10.0,28,29.98
0.786304604,77.0,1,21.0,27,29.97
0.573789847,80.0,1,20.0,27,29.96
0.361275089,77.0,2,14.0,27,30.01
0.148760331,65.0,3,21.0,27,30.01
0.063754427,60.0,1,30.0,27,30.01
0.276269185,70.0,1,30.0,27,30.0
0.4887839429999999,86.0,3,28.0,27,30.0
0.7012987009999999,80.0,2,29.0,27,30.02
0.785377358,83.0,3,25.0,27,30.04
0.573113208,86.0,1,13.0,27,30.05
0.360849057,80.0,2,14.0,27,30.06
0.148584906,56.0,1,15.0,27,30.07
0.063679245,48.0,2,23.0,27,30.06
0.275943396,50.0,2,30.0,27,30.01
0.488207547,62.0,2,25.0,27,30.02
0.700471698,74.0,0,20.0,27,30.05
0.783529412,77.0,0,22.0,27,30.04
0.5717647060000001,74.0,1,8.0,27,30.02
0.36,49.0,3,0.0,27,30.04
0.148235294,50.0,3,13.0,27,30.06
0.063529412,40.0,3,24.0,27,30.07
0.275294118,43.0,3,28.0,27,30.08
0.487058824,48.0,3,18.0,27,30.06
0.6988235290000001,69.0,1,26.0,27,30.11
0.7816901409999999,80.0,1,16.0,27,30.07
0.570422535,86.0,2,16.0,27,30.06
0.35915493,90.0,4,21.0,27,30.09
0.147887324,72.0,2,16.0,27,30.08
0.063380282,65.0,2,28.0,27,30.07
0.274647887,68.0,2,30.0,27,30.02
0.485915493,90.0,4,28.0,27,30.0
0.6971830990000001,90.0,3,14.0,27,30.03
0.78077374,96.0,4,14.0,29,30.0
0.56975381,96.0,4,6.0,29,29.97
0.35873388,86.0,3,5.0,29,29.98
0.147713951,70.0,1,14.0,29,29.96
0.063305979,65.0,2,23.0,29,29.93
0.274325909,65.0,2,24.0,29,29.89
0.485345838,80.0,1,18.0,29,29.88
0.6963657679999999,77.0,0,8.0,29,29.89
0.778947368,75.0,0,3.0,30,29.86
0.568421053,80.0,0,3.0,30,29.85
0.357894737,73.0,1,0.0,30,29.88
0.147368421,70.0,0,3.0,30,29.89
0.063157895,58.0,0,3.0,30,29.86
0.273684211,36.5,1,14.0,30,29.85
0.484210526,40.0,0,18.0,30,29.85
0.6947368420000001,61.0,0,0.0,30,29.88
0.7771295220000001,67.0,0,5.0,30,29.88
0.567094516,65.0,0,0.0,30,29.87
0.35705951,70.0,0,0.0,30,29.89
0.147024504,58.0,0,3.0,30,29.89
0.063010502,36.5,1,15.0,30,29.87
0.273045508,50.0,1,22.0,30,29.87
0.483080513,65.0,2,18.0,30,29.88
0.693115519,78.0,1,11.0,30,29.9
0.77532014,90.0,1,13.0,29,29.9
0.565774156,90.0,2,10.0,29,29.87
0.356228172,90.0,3,15.0,29,29.88
0.146682189,72.0,2,18.0,29,29.9
0.062863795,63.0,3,15.0,29,29.9
0.2724097789999999,65.0,2,17.0,29,29.88
0.481955763,83.0,3,20.0,29,29.91
0.6915017459999999,90.0,2,16.0,29,29.95
0.77532014,90.0,3,11.0,28,29.94
0.565774156,90.0,2,5.0,28,29.94
0.356228172,80.0,3,11.0,28,29.97
0.146682189,67.0,2,15.0,28,29.97
0.062863795,63.0,1,23.0,28,29.95
0.2724097789999999,60.0,1,30.0,28,29.94
0.481955763,72.0,1,9.0,28,29.93
0.6915017459999999,77.0,1,10.0,28,29.95
0.7735191640000001,74.0,1,8.0,27,29.94
0.56445993,77.0,2,13.0,27,29.94
0.355400697,74.0,3,9.0,27,29.97
0.146341463,56.0,2,11.0,27,29.97
0.06271777,52.0,2,16.0,27,29.95
0.271777003,56.0,2,17.0,27,29.92
0.4808362370000001,75.0,2,11.0,27,29.91
0.68989547,80.0,1,8.0,27,29.92
0.771726535,83.0,0,7.0,30,29.9
0.563151796,86.0,2,6.0,30,29.9
0.354577057,77.0,1,0.0,30,29.92
0.146002317,70.0,2,5.0,30,29.93
0.062572422,56.0,2,16.0,30,29.9
0.271147161,60.0,2,18.0,30,29.88
0.4797219,83.0,2,20.0,30,29.89
0.68829664,83.0,1,14.0,30,29.93
0.769942197,86.0,2,5.0,27,29.91
0.561849711,83.0,3,0.0,27,29.89
0.353757225,77.0,3,0.0,27,29.9
0.14566474,67.0,1,7.0,27,29.91
0.062427746,54.0,1,21.0,27,29.89
0.270520231,65.0,2,24.0,27,29.89
0.478612717,83.0,4,14.0,27,29.92
0.6867052020000001,86.0,4,13.0,27,29.94
0.7702078520000001,83.0,4,9.0,24,29.94
0.562355658,86.0,4,7.0,24,29.93
0.354503464,83.0,4,9.0,24,29.96
0.14665127,80.0,4,11.0,24,29.98
0.061200924,69.0,4,17.0,24,29.97
0.269053118,77.0,4,18.0,24,29.96
0.476905312,83.0,4,11.0,24,29.97
0.684757506,83.0,4,13.0,24,30.0
0.769319493,86.0,4,10.0,25,29.99
0.561707036,83.0,4,14.0,25,29.98
0.3540945789999999,86.0,4,11.0,25,30.0
0.146482122,83.0,4,13.0,25,30.03
0.061130334,77.0,4,17.0,25,30.02
0.268742791,77.0,4,18.0,25,29.99
0.4763552479999999,83.0,4,14.0,25,29.99
0.683967705,83.0,4,10.0,25,30.02
0.76843318,86.0,4,8.0,28,30.0
0.5610599079999999,86.0,4,7.0,28,29.97
0.353686636,80.0,4,8.0,28,29.98
0.146313364,70.0,1,9.0,28,29.96
0.0610599079999999,63.0,1,20.0,28,29.92
0.26843318,62.0,1,16.0,28,29.89
0.4758064520000001,80.0,1,10.0,28,29.89
0.683179724,80.0,2,5.0,28,29.91
0.7666666670000001,83.0,0,7.0,30,29.89
0.559770115,80.0,0,0.0,30,29.88
0.3528735629999999,78.0,1,3.0,30,29.9
0.145977011,59.0,1,9.0,30,29.91
0.06091954,49.0,1,20.0,30,29.88
0.267816092,51.0,2,18.0,30,29.84
0.4747126439999999,70.0,1,20.0,30,29.84
0.681609195,72.0,0,10.0,30,29.85
0.7657864520000001,83.0,0,10.0,30,29.84
0.55912744,86.0,1,9.0,30,29.85
0.352468427,75.0,1,0.0,30,29.89
0.145809414,68.0,1,8.0,30,29.89
0.060849598,63.0,1,17.0,30,29.86
0.267508611,65.0,1,22.0,30,29.83
0.474167623,80.0,2,11.0,30,29.85
0.6808266359999999,90.0,1,11.0,30,29.89
0.764908257,90.0,1,8.0,31,29.88
0.5584862389999999,90.0,4,0.0,31,29.87
0.35206422,83.0,4,0.0,31,29.91
0.145642202,75.0,1,7.0,31,29.92
0.060779817,63.0,1,6.0,31,29.89
0.267201835,65.0,2,16.0,31,29.88
0.473623853,80.0,2,14.0,31,29.9
0.680045872,83.0,2,10.0,31,29.94
0.764032073,90.0,3,7.0,30,29.94
0.557846506,90.0,4,0.0,30,29.95
0.351660939,80.0,1,0.0,30,29.98
0.145475372,70.0,1,8.0,30,30.0
0.060710195,61.0,1,7.0,30,29.97
0.266895762,55.0,3,14.0,30,29.96
0.473081329,67.0,3,9.0,30,29.97
0.6792668959999999,78.0,2,6.0,30,30.02
0.7622857140000001,78.0,3,3.0,26,30.02
0.556571429,80.0,4,6.0,26,30.0
0.350857143,80.0,4,6.0,26,30.02
0.145142857,67.0,4,7.0,26,30.02
0.060571429,59.0,2,16.0,26,29.98
0.266285714,63.0,2,18.0,26,29.97
0.472,80.0,2,14.0,26,29.97
0.6777142859999999,83.0,3,15.0,26,30.0
0.761415525,83.0,4,11.0,27,29.98
0.5559360729999999,90.0,4,10.0,27,29.98
0.350456621,83.0,4,7.0,27,30.0
0.144977169,80.0,4,7.0,27,30.01
0.060502283,65.0,3,14.0,27,29.95
0.265981735,70.0,3,18.0,27,29.92
0.471461187,80.0,3,13.0,27,29.93
0.676940639,83.0,4,10.0,27,29.95
0.761687571,83.0,4,6.0,27,29.93
0.5564424170000001,83.0,4,9.0,27,29.91
0.351197263,83.0,4,11.0,27,29.93
0.145952109,70.0,3,14.0,27,29.93
0.059293044,68.0,3,15.0,27,29.93
0.264538198,70.0,3,13.0,27,29.91
0.469783352,83.0,3,11.0,27,29.92
0.675028506,90.0,4,7.0,27,29.94
0.760820046,93.0,4,10.0,28,29.93
0.5558086560000001,93.0,3,3.0,28,29.92
0.350797267,86.0,3,11.0,28,29.93
0.1457858769999999,72.0,3,18.0,28,29.95
0.059225513,63.0,3,17.0,28,29.94
0.264236902,65.0,3,20.0,28,29.91
0.469248292,72.0,2,11.0,28,29.91
0.6742596809999999,83.0,3,16.0,28,29.9
0.760820046,86.0,3,8.0,28,29.89
0.5558086560000001,80.0,3,7.0,28,29.88
0.350797267,78.0,3,9.0,28,29.9
0.1457858769999999,54.0,3,14.0,28,29.9
0.059225513,56.0,2,17.0,28,29.91
0.264236902,51.0,2,18.0,28,29.88
0.469248292,75.0,3,20.0,28,29.89
0.6742596809999999,80.0,3,11.0,28,29.93
0.7590909090000001,78.0,4,8.0,27,29.93
0.554545455,78.0,3,5.0,27,29.93
0.35,72.0,4,10.0,27,29.98
0.145454545,60.0,3,6.0,27,29.98
0.059090909,56.0,3,13.0,27,29.96
0.263636364,54.0,3,15.0,27,29.92
0.4681818179999999,72.0,3,13.0,27,29.94
0.672727273,81.0,3,9.0,27,29.94
0.758229285,81.0,4,6.0,26,29.91
0.553916005,78.0,4,6.0,26,29.88
0.349602724,72.0,2,3.0,26,29.9
0.145289444,67.0,3,7.0,26,29.94
0.059023837,51.0,3,14.0,26,29.95
0.263337117,55.0,3,10.0,26,29.94
0.4676503970000001,72.0,2,11.0,26,29.95
0.671963678,78.0,3,6.0,26,29.96
0.758229285,80.0,2,0.0,28,29.93
0.553916005,80.0,2,0.0,28,29.93
0.349602724,78.0,3,8.0,28,29.95
0.145289444,63.0,3,14.0,28,29.96
0.059023837,55.0,2,14.0,28,29.95
0.263337117,59.0,2,18.0,28,29.94
0.4676503970000001,65.0,2,16.0,28,29.95
0.671963678,81.0,2,9.0,28,29.96
0.7585034009999999,78.0,1,11.0,27,29.94
0.554421769,78.0,2,10.0,27,29.95
0.350340136,67.0,2,16.0,27,29.97
0.146258503,61.0,2,17.0,27,29.98
0.057823129,55.0,1,21.0,27,29.96
0.261904762,53.0,2,24.0,27,29.94
0.465986395,72.0,1,16.0,27,29.9
0.670068027,78.0,1,14.0,27,29.93
0.7585034009999999,78.0,2,11.0,26,29.9
0.554421769,75.0,4,8.0,26,29.88
0.350340136,69.0,4,15.0,26,29.9
0.146258503,62.0,3,14.0,26,29.92
0.057823129,58.0,2,18.0,26,29.9
0.261904762,67.0,3,18.0,26,29.88
0.465986395,70.0,3,13.0,26,29.87
0.670068027,75.0,4,13.0,26,29.89
0.75678733,78.0,4,7.0,26,29.88
0.553167421,72.0,4,11.0,26,29.89
0.349547511,87.0,4,8.0,26,29.91
0.145927602,70.0,4,13.0,26,29.93
0.057692308,65.0,3,14.0,26,29.93
0.261312217,61.0,3,16.0,26,29.92
0.464932127,81.0,4,9.0,26,29.93
0.668552036,78.0,4,10.0,26,29.94
0.75678733,81.0,4,8.0,26,29.94
0.553167421,90.0,4,7.0,26,29.93
0.349547511,90.0,4,7.0,26,29.95
0.145927602,73.0,4,14.0,26,29.96
0.057692308,63.0,4,9.0,26,29.97
0.261312217,61.0,3,13.0,26,29.95
0.464932127,72.0,4,14.0,26,29.96
0.668552036,75.0,4,11.0,26,29.99
0.755932203,75.0,4,14.0,26,29.96
0.552542373,78.0,4,10.0,26,29.94
0.349152542,81.0,4,16.0,26,29.96
0.145762712,70.0,4,14.0,26,29.99
0.057627119,57.0,2,25.0,26,29.98
0.261016949,57.0,2,22.0,26,29.95
0.46440678,75.0,3,21.0,26,29.95
0.66779661,81.0,2,15.0,26,29.96
0.7570621470000001,81.0,3,9.0,26,29.95
0.553672316,80.0,3,15.0,26,29.92
0.350282486,75.0,4,10.0,26,29.94
0.146892655,75.0,4,14.0,26,29.96
0.056497175,59.0,3,20.0,26,29.95
0.259887006,65.0,4,14.0,26,29.93
0.463276836,72.0,3,14.0,26,29.92
0.666666667,78.0,4,8.0,26,29.94
0.756207675,78.0,4,8.0,26,29.93
0.553047404,84.0,3,3.0,26,29.92
0.3498871329999999,81.0,4,8.0,26,29.96
0.1467268619999999,65.0,4,8.0,26,29.98
0.056433409,55.0,3,16.0,26,29.98
0.2595936789999999,57.0,2,15.0,26,29.96
0.46275395,70.0,2,13.0,26,29.97
0.665914221,81.0,2,8.0,26,29.99
0.756207675,81.0,3,8.0,26,29.97
0.553047404,70.0,4,6.0,26,29.96
0.3498871329999999,70.0,3,7.0,26,29.97
0.1467268619999999,56.0,3,11.0,26,29.99
0.056433409,47.0,2,14.0,26,29.98
0.2595936789999999,53.0,3,14.0,26,29.95
0.46275395,65.0,2,11.0,26,29.95
0.665914221,75.0,3,6.0,26,29.96
0.756207675,81.0,3,7.0,27,29.94
0.553047404,72.0,4,3.0,27,29.93
0.3498871329999999,70.0,4,8.0,27,29.95
0.1467268619999999,67.0,4,11.0,27,29.95
0.056433409,63.0,3,15.0,27,29.95
0.2595936789999999,63.0,3,18.0,27,29.94
0.46275395,70.0,3,15.0,27,29.93
0.665914221,78.0,4,13.0,27,29.95
0.756482525,81.0,4,15.0,27,29.92
0.553551297,84.0,4,9.0,27,29.89
0.3506200679999999,84.0,4,14.0,27,29.92
0.147688839,78.0,4,8.0,27,29.93
0.05524239,68.0,3,20.0,27,29.92
0.2581736189999999,73.0,3,20.0,27,29.92
0.4611048479999999,84.0,4,20.0,27,29.92
0.664036077,81.0,4,13.0,27,29.95
0.756482525,81.0,4,13.0,26,29.93
0.553551297,84.0,4,16.0,26,29.92
0.3506200679999999,84.0,4,11.0,26,29.94
0.147688839,81.0,4,14.0,26,29.96
0.05524239,70.0,3,17.0,26,29.95
0.2581736189999999,70.0,3,20.0,26,29.91
0.4611048479999999,81.0,3,15.0,26,29.88
0.664036077,84.0,3,11.0,26,29.88
0.757336343,87.0,3,3.0,29,29.86
0.5541760720000001,87.0,2,0.0,29,29.85
0.351015801,78.0,1,5.0,29,29.87
0.14785553,73.0,1,5.0,29,29.86
0.05530474,54.0,1,21.0,29,29.84
0.258465011,63.0,1,24.0,29,29.81
0.461625282,72.0,1,16.0,29,29.79
0.664785553,78.0,0,15.0,29,29.8
0.756482525,83.0,0,8.0,27,29.76
0.553551297,87.0,1,11.0,27,29.75
0.3506200679999999,75.0,1,8.0,27,29.77
0.147688839,63.0,2,21.0,27,29.77
0.05524239,65.0,3,30.0,27,29.75
0.2581736189999999,65.0,2,30.0,27,29.73
0.4611048479999999,70.0,1,30.0,27,29.71
0.664036077,78.0,1,30.0,27,29.71
0.756482525,77.0,1,30.0,26,29.72
0.553551297,86.0,1,11.0,26,29.71
0.3506200679999999,75.0,2,6.0,26,29.75
0.147688839,65.0,2,11.0,26,29.76
0.05524239,63.0,3,20.0,26,29.79
0.2581736189999999,65.0,2,29.0,26,29.78
0.4611048479999999,72.0,2,9.0,26,29.77
0.664036077,77.0,1,30.0,26,29.8
0.7576099209999999,80.0,1,30.0,28,29.82
0.5546786920000001,83.0,1,16.0,28,29.84
0.351747463,70.0,1,10.0,28,29.87
0.148816234,56.0,1,5.0,28,29.89
0.054114994,52.0,1,22.0,28,29.9
0.257046223,58.0,1,22.0,28,29.88
0.459977452,67.0,1,20.0,28,29.87
0.662908681,77.0,1,14.0,28,29.88
0.7576099209999999,80.0,0,7.0,29,29.85
0.5546786920000001,77.0,1,0.0,29,29.82
0.351747463,72.0,0,0.0,29,29.84
0.148816234,70.0,0,5.0,29,29.83
0.054114994,36.5,0,17.0,29,29.8
0.257046223,42.0,0,24.0,29,29.77
0.459977452,65.0,0,18.0,29,29.73
0.662908681,72.0,0,13.0,29,29.75
0.758465011,77.0,0,9.0,30,29.73
0.55530474,77.0,1,8.0,30,29.71
0.35214447,72.0,0,6.0,30,29.73
0.148984199,65.0,0,5.0,30,29.73
0.054176072,43.0,0,14.0,30,29.72
0.257336343,55.0,1,22.0,30,29.72
0.4604966139999999,70.0,1,17.0,30,29.73
0.663656885,80.0,1,13.0,30,29.78
0.7576099209999999,86.0,1,10.0,32,29.78
0.5546786920000001,90.0,1,7.0,32,29.79
0.351747463,78.0,1,3.0,32,29.83
0.148816234,73.0,1,6.0,32,29.87
0.054114994,68.0,0,10.0,32,29.88
0.257046223,59.0,0,6.0,32,29.85
0.459977452,70.0,1,8.0,32,29.87
0.662908681,83.0,1,13.0,32,29.91
0.7576099209999999,86.0,1,7.0,26,29.91
0.5546786920000001,83.0,2,5.0,26,29.92
0.351747463,72.0,1,3.0,26,29.94
0.148816234,70.0,1,8.0,26,29.93
0.054114994,51.0,1,5.0,26,29.91
0.257046223,51.0,2,18.0,26,29.91
0.459977452,72.0,2,16.0,26,29.91
0.662908681,75.0,1,9.0,26,29.92
0.7595936790000001,80.0,1,8.0,29,29.9
0.5564334089999999,83.0,3,13.0,29,29.91
0.353273138,83.0,4,3.0,29,29.92
0.1501128669999999,68.0,1,6.0,29,29.93
0.053047404,61.0,1,9.0,29,29.91
0.256207675,57.0,1,16.0,29,29.87
0.459367946,67.0,2,13.0,29,29.87
0.662528217,80.0,0,8.0,29,29.9
0.7595936790000001,80.0,0,9.0,30,29.88
0.5564334089999999,86.0,0,7.0,30,29.88
0.353273138,75.0,1,0.0,30,29.91
0.1501128669999999,71.0,0,3.0,30,29.92
0.053047404,43.0,0,10.0,30,29.89
0.256207675,36.5,0,21.0,30,29.86
0.459367946,43.0,0,17.0,30,29.85
0.662528217,53.0,0,8.0,30,29.87
0.7595936790000001,65.0,0,5.0,30,29.85
0.5564334089999999,72.0,1,10.0,30,29.84
0.353273138,68.0,0,0.0,30,29.87
0.1501128669999999,56.0,0,6.0,30,29.87
0.053047404,48.0,1,20.0,30,29.84
0.256207675,50.0,1,23.0,30,29.8
0.459367946,70.0,1,15.0,30,29.78
0.662528217,81.0,1,11.0,30,29.81
0.760451977,84.0,0,9.0,30,29.8
0.557062147,93.0,1,14.0,30,29.8
0.353672316,84.0,1,11.0,30,29.82
0.150282486,70.0,1,15.0,30,29.82
0.053107345,61.0,1,20.0,30,29.8
0.256497175,61.0,1,18.0,30,29.77
0.459887006,72.0,1,14.0,30,29.78
0.663276836,78.0,0,6.0,30,29.82
0.761581921,78.0,0,6.0,32,29.81
0.55819209,87.0,1,6.0,32,29.79
0.35480226,75.0,1,0.0,32,29.81
0.151412429,73.0,1,7.0,32,29.82
0.051977401,62.0,1,8.0,32,29.81
0.255367232,59.0,2,15.0,32,29.77
0.4587570620000001,70.0,1,10.0,32,29.78
0.662146893,78.0,2,8.0,32,29.82
0.7624434390000001,81.0,2,6.0,31,29.81
0.558823529,75.0,4,5.0,31,29.82
0.35520362,75.0,4,3.0,31,29.84
0.15158371,70.0,1,5.0,31,29.84
0.052036199,55.0,1,8.0,31,29.83
0.2556561089999999,55.0,1,15.0,31,29.8
0.4592760179999999,75.0,1,16.0,31,29.81
0.662895928,84.0,1,9.0,31,29.84
0.763306908,87.0,1,7.0,29,29.85
0.559456399,83.0,4,8.0,29,29.85
0.355605889,75.0,4,0.0,29,29.87
0.151755379,68.0,1,10.0,29,29.88
0.05209513,57.0,1,17.0,29,29.87
0.25594564,59.0,1,21.0,29,29.86
0.459796149,75.0,1,18.0,29,29.88
0.663646659,81.0,1,10.0,29,29.93
0.7641723359999999,81.0,2,7.0,29,29.92
0.560090703,80.0,4,10.0,29,29.92
0.35600907,81.0,4,9.0,29,29.94
0.151927438,65.0,1,14.0,29,29.96
0.052154195,59.0,1,20.0,29,29.95
0.256235828,63.0,2,23.0,29,29.94
0.46031746,80.0,1,20.0,29,29.95
0.664399093,83.0,2,15.0,29,29.98
0.7641723359999999,86.0,3,10.0,27,29.98
0.560090703,83.0,4,8.0,27,29.97
0.35600907,78.0,3,0.0,27,30.0
0.151927438,63.0,1,7.0,27,30.01
0.052154195,55.0,1,21.0,27,29.99
0.256235828,57.0,1,17.0,27,29.97
0.46031746,70.0,1,14.0,27,29.97
0.664399093,78.0,1,11.0,27,29.99
0.765039728,78.0,3,8.0,27,29.98
0.5607264470000001,78.0,4,8.0,27,29.98
0.356413167,80.0,4,10.0,27,30.01
0.152099886,70.0,2,17.0,27,30.02
0.052213394,72.0,3,18.0,27,30.03
0.256526674,63.0,1,21.0,27,30.02
0.460839955,72.0,3,22.0,27,30.03
0.665153235,75.0,3,11.0,27,30.05
0.7661748009999999,75.0,4,11.0,27,30.04
0.561861521,75.0,3,14.0,27,30.03
0.357548241,70.0,2,13.0,27,30.04
0.15323496,56.0,1,17.0,27,30.05
0.05107832,51.0,0,22.0,27,30.03
0.2553916,56.0,1,22.0,27,30.0
0.459704881,72.0,1,18.0,27,29.97
0.664018161,80.0,2,10.0,27,29.98
0.767918089,78.0,3,13.0,27,29.95
0.563139932,80.0,4,9.0,27,29.93
0.358361775,78.0,1,0.0,27,29.94
0.153583618,65.0,1,18.0,27,29.96
0.051194539,65.0,2,22.0,27,29.97
0.255972696,63.0,2,18.0,27,29.93
0.4607508529999999,67.0,1,13.0,27,29.91
0.66552901,72.0,0,7.0,27,29.93
0.767918089,78.0,0,6.0,28,29.92
0.563139932,80.0,1,11.0,28,29.91
0.358361775,72.0,1,13.0,28,29.95
0.153583618,53.0,1,11.0,28,29.95
0.051194539,55.0,0,24.0,28,29.96
0.255972696,53.0,1,29.0,28,29.91
0.4607508529999999,70.0,2,17.0,28,29.91
0.66552901,80.0,1,22.0,28,29.94
0.7687927109999999,83.0,3,16.0,26,29.95
0.563781321,90.0,3,11.0,26,29.96
0.358769932,83.0,3,8.0,26,29.98
0.153758542,75.0,3,16.0,26,30.01
0.051252847,59.0,1,24.0,26,29.99
0.256264237,59.0,1,17.0,26,29.96
0.461275626,72.0,1,14.0,26,29.97
0.6662870160000001,78.0,1,17.0,26,29.99
0.770547945,83.0,3,9.0,28,29.98
0.565068493,86.0,1,9.0,28,29.98
0.359589041,75.0,1,10.0,28,29.99
0.154109589,65.0,2,15.0,28,30.01
0.0513698629999999,65.0,3,21.0,28,30.01
0.256849315,63.0,2,21.0,28,29.98
0.462328767,75.0,2,20.0,28,29.96
0.667808219,87.0,3,22.0,28,29.99
0.770547945,90.0,4,18.0,28,29.99
0.565068493,93.0,3,7.0,28,29.99
0.359589041,83.0,3,7.0,28,30.0
0.154109589,68.0,3,13.0,28,30.02
0.0513698629999999,53.0,3,18.0,28,30.02
0.256849315,65.0,4,23.0,28,30.01
0.462328767,81.0,3,11.0,28,30.0
0.667808219,83.0,3,16.0,28,30.0
0.771428571,90.0,3,9.0,28,30.01
0.5657142860000001,93.0,3,14.0,28,30.02
0.36,93.0,3,11.0,28,30.05
0.154285714,65.0,2,14.0,28,30.07
0.051428571,55.0,2,20.0,28,30.07
0.257142857,53.0,2,28.0,28,30.05
0.4628571429999999,67.0,2,23.0,28,30.04
0.668571429,78.0,0,17.0,28,30.05
0.774341352,83.0,0,10.0,28,30.02
0.568155785,86.0,1,6.0,28,30.0
0.3619702179999999,70.0,1,0.0,28,30.03
0.155784651,63.0,0,3.0,28,30.01
0.050400916,36.5,0,13.0,28,29.95
0.256586483,36.5,0,23.0,28,29.91
0.46277205,54.0,0,24.0,28,29.88
0.668957617,65.0,0,9.0,28,29.89
0.774341352,72.0,0,5.0,30,29.87
0.568155785,72.0,1,6.0,30,29.85
0.3619702179999999,63.0,1,0.0,30,29.86
0.155784651,64.0,0,5.0,30,29.86
0.050400916,36.5,0,13.0,30,29.83
0.256586483,43.0,0,22.0,30,29.81
0.46277205,68.0,1,18.0,30,29.82
0.668957617,81.0,1,11.0,30,29.87
0.7761194029999999,87.0,1,11.0,30,29.86
0.56946039,90.0,1,9.0,30,29.88
0.3628013779999999,84.0,1,10.0,30,29.93
0.156142365,63.0,1,14.0,30,29.96
0.050516648,59.0,1,18.0,30,29.96
0.25717566,68.0,1,23.0,30,29.94
0.463834673,83.0,1,18.0,30,29.96
0.670493685,93.0,1,15.0,30,29.99
0.777011494,96.0,1,11.0,30,29.99
0.570114943,93.0,1,10.0,30,30.0
0.363218391,90.0,1,8.0,30,30.04
0.156321839,73.0,1,13.0,30,30.05
0.050574713,59.0,1,16.0,30,30.03
0.257471264,61.0,1,18.0,30,29.98
0.464367816,83.0,1,20.0,30,29.99
0.671264368,90.0,1,14.0,30,30.03
0.778801843,93.0,1,13.0,30,30.01
0.571428571,93.0,1,10.0,30,30.01
0.3640552999999999,83.0,1,6.0,30,30.03
0.156682028,68.0,1,8.0,30,30.02
0.050691244,57.0,1,17.0,30,29.98
0.258064516,63.0,2,21.0,30,29.93
0.4654377879999999,78.0,1,18.0,30,29.95
0.67281106,93.0,1,15.0,30,29.97
0.779700115,86.0,1,9.0,30,29.95
0.572087659,90.0,1,6.0,30,29.93
0.3644752020000001,81.0,1,6.0,30,29.94
0.156862745,59.0,2,8.0,30,29.94
0.050749712,53.0,3,16.0,30,29.91
0.258362168,70.0,3,23.0,30,29.9
0.465974625,84.0,2,18.0,30,29.89
0.6735870820000001,90.0,1,13.0,30,29.91
0.780600462,90.0,2,10.0,30,29.9
0.572748268,93.0,2,11.0,30,29.88
0.3648960739999999,84.0,2,8.0,30,29.91
0.15704388,68.0,1,7.0,30,29.91
0.050808314,51.0,1,16.0,30,29.88
0.258660508,61.0,1,22.0,30,29.85
0.4665127020000001,81.0,1,16.0,30,29.87
0.6743648959999999,83.0,2,11.0,30,29.94
0.782407407,83.0,1,11.0,28,29.94
0.574074074,87.0,2,5.0,28,29.93
0.365740741,87.0,1,13.0,28,29.96
0.157407407,72.0,1,17.0,28,30.0
0.0509259259999999,65.0,1,18.0,28,30.0
0.2592592589999999,70.0,1,26.0,28,29.97
0.4675925929999999,83.0,2,15.0,28,29.96
0.6759259259999999,90.0,3,15.0,28,29.99
0.784222738,93.0,4,15.0,27,29.98
0.5754060320000001,93.0,4,11.0,27,29.97
0.366589327,90.0,4,17.0,27,30.0
0.157772622,81.0,3,14.0,27,30.02
0.051044084,73.0,3,23.0,27,30.02
0.259860789,72.0,2,22.0,27,29.98
0.468677494,87.0,3,17.0,27,29.96
0.6774941999999999,87.0,3,17.0,27,29.97
0.784222738,90.0,4,15.0,27,29.96
0.5754060320000001,90.0,4,13.0,27,29.96
0.366589327,90.0,4,8.0,27,29.97
0.157772622,78.0,3,16.0,27,29.98
0.051044084,72.0,3,17.0,27,29.96
0.259860789,70.0,2,17.0,27,29.92
0.468677494,83.0,3,16.0,27,29.9
0.6774941999999999,87.0,4,9.0,27,29.92
0.786046512,87.0,4,11.0,26,29.91
0.576744186,90.0,4,8.0,26,29.9
0.36744186,86.0,3,8.0,26,29.92
0.158139535,67.0,1,14.0,26,29.92
0.051162791,61.0,1,18.0,26,29.91
0.260465116,70.0,2,20.0,26,29.89
0.469767442,83.0,4,15.0,26,29.9
0.679069767,87.0,4,14.0,26,29.93
0.787878788,87.0,4,13.0,26,29.93
0.578088578,86.0,4,11.0,26,29.93
0.368298368,83.0,4,9.0,26,29.96
0.158508159,78.0,4,10.0,26,29.97
0.0512820509999999,61.0,1,18.0,26,29.96
0.261072261,68.0,1,22.0,26,29.94
0.470862471,81.0,4,15.0,26,29.95
0.680652681,87.0,4,8.0,26,29.97
0.7897196259999999,86.0,4,9.0,29,29.97
0.579439252,86.0,4,8.0,29,29.98
0.369158879,86.0,3,9.0,29,29.98
0.158878505,70.0,1,14.0,29,29.99
0.051401869,63.0,1,20.0,29,29.96
0.261682243,70.0,2,26.0,29,29.94
0.471962617,86.0,1,20.0,29,29.94
0.682242991,93.0,1,16.0,29,29.99
0.790643275,96.0,3,15.0,30,30.0
0.5801169589999999,90.0,4,6.0,30,30.0
0.369590643,87.0,4,0.0,30,30.03
0.159064327,70.0,1,6.0,30,30.01
0.051461988,53.0,1,13.0,30,29.96
0.261988304,65.0,2,24.0,30,29.93
0.47251462,83.0,2,22.0,30,29.94
0.6830409359999999,96.0,1,15.0,30,29.97
0.7915690870000001,96.0,3,15.0,29,29.96
0.5807962529999999,96.0,3,8.0,29,29.96
0.3700234189999999,90.0,4,8.0,29,29.97
0.159250585,70.0,1,14.0,29,29.95
0.051522248,59.0,1,14.0,29,29.9
0.262295082,72.0,1,26.0,29,29.88
0.473067916,87.0,1,20.0,29,29.88
0.683840749,90.0,3,10.0,29,29.91
0.79342723,87.0,4,11.0,27,29.89
0.582159624,90.0,4,8.0,27,29.88
0.3708920189999999,90.0,4,6.0,27,29.9
0.159624413,75.0,3,13.0,27,29.9
0.051643192,68.0,1,18.0,27,29.86
0.262910798,70.0,2,21.0,27,29.83
0.474178404,84.0,3,15.0,27,29.84
0.6854460090000001,87.0,4,13.0,27,29.86
0.7952941179999999,84.0,4,7.0,27,29.85
0.5835294120000001,84.0,4,8.0,27,29.84
0.371764706,84.0,4,6.0,27,29.87
0.16,68.0,1,14.0,27,29.88
0.0517647059999999,59.0,1,21.0,27,29.86
0.263529412,66.0,1,22.0,27,29.85
0.475294118,81.0,3,17.0,27,29.86
0.6870588240000001,84.0,4,13.0,27,29.89
0.797169811,87.0,4,7.0,26,29.89
0.58490566,84.0,4,9.0,26,29.89
0.372641509,81.0,4,8.0,26,29.93
0.160377358,70.0,3,15.0,26,29.96
0.051886792,66.0,1,18.0,26,29.95
0.264150943,70.0,3,17.0,26,29.91
0.476415094,84.0,4,14.0,26,29.93
0.688679245,87.0,4,8.0,26,29.95
0.799054374,87.0,4,8.0,28,29.94
0.586288416,93.0,4,7.0,28,29.94
0.373522459,87.0,4,7.0,28,29.98
0.160756501,75.0,3,13.0,28,29.99
0.0520094559999999,61.0,1,16.0,28,29.97
0.264775414,70.0,2,24.0,28,29.92
0.477541371,87.0,2,13.0,28,29.94
0.690307329,93.0,3,13.0,28,29.96
0.800947867,90.0,4,13.0,28,29.95
0.587677725,90.0,4,5.0,28,29.94
0.374407583,87.0,4,5.0,28,29.97
0.161137441,68.0,2,13.0,28,29.98
0.052132701,63.0,1,24.0,28,29.97
0.2654028439999999,73.0,2,20.0,28,29.97
0.478672986,81.0,3,13.0,28,29.98
0.691943128,84.0,2,10.0,28,30.0
0.8018979829999999,84.0,4,13.0,27,29.99
0.5883748520000001,90.0,4,5.0,27,29.99
0.37485172,87.0,4,11.0,27,30.02
0.161328588,70.0,3,14.0,27,30.02
0.0521945429999999,63.0,1,16.0,27,30.0
0.265717675,65.0,1,25.0,27,29.97
0.4792408070000001,81.0,3,13.0,27,29.96
0.692763938,84.0,4,16.0,27,29.98
0.803804994,87.0,4,10.0,27,29.98
0.5897740779999999,90.0,4,5.0,27,29.99
0.375743163,84.0,4,6.0,27,30.01
0.161712247,70.0,4,8.0,27,30.02
0.052318668,59.0,1,15.0,27,30.0
0.266349584,61.0,1,17.0,27,29.97
0.4803804989999999,75.0,1,14.0,27,29.97
0.694411415,87.0,4,17.0,27,29.99
0.805721097,93.0,4,7.0,27,30.01
0.591179976,87.0,4,3.0,27,30.02
0.376638856,81.0,3,5.0,27,30.05
0.162097735,66.0,1,11.0,27,30.06
0.052443385,52.0,0,18.0,27,30.03
0.266984505,55.0,1,21.0,27,29.99
0.481525626,73.0,1,18.0,27,29.97
0.696066746,84.0,1,10.0,27,30.0
0.8076463559999999,81.0,1,16.0,26,30.0
0.592592593,90.0,4,9.0,26,30.01
0.3775388289999999,84.0,4,7.0,26,30.01
0.1624850659999999,68.0,3,13.0,26,30.02
0.052568698,59.0,1,17.0,26,30.01
0.267622461,68.0,2,23.0,26,29.98
0.482676225,70.0,3,13.0,26,29.96
0.697729988,78.0,4,10.0,26,29.98
0.809580838,78.0,3,5.0,27,29.96
0.594011976,81.0,4,10.0,27,29.97
0.3784431139999999,78.0,3,9.0,27,30.02
0.162874251,57.0,3,11.0,27,30.04
0.0526946109999999,59.0,3,10.0,27,30.06
0.268263473,59.0,2,15.0,27,30.03
0.483832335,73.0,2,20.0,27,30.02
0.699401198,81.0,2,17.0,27,30.04
0.81032413,87.0,3,11.0,27,30.03
0.594237695,84.0,4,16.0,27,30.02
0.378151261,81.0,3,17.0,27,30.05
0.162064826,65.0,2,11.0,27,30.07
0.054021609,61.0,2,23.0,27,30.06
0.270108043,63.0,2,17.0,27,30.03
0.486194478,81.0,1,20.0,27,30.02
0.702280912,87.0,1,18.0,27,30.03
0.812274368,87.0,1,7.0,30,30.02
0.59566787,84.0,0,3.0,30,30.0
0.379061372,81.0,0,0.0,30,30.02
0.162454874,73.0,1,5.0,30,30.02
0.054151625,50.0,1,18.0,30,29.98
0.270758123,55.0,1,16.0,30,29.95
0.487364621,78.0,2,18.0,30,29.94
0.7039711190000001,84.0,1,9.0,30,29.96
0.814234017,84.0,0,5.0,29,29.93
0.597104946,87.0,0,0.0,29,29.93
0.379975875,75.0,0,0.0,29,29.94
0.162846803,73.0,1,5.0,29,29.95
0.054282268,36.5,1,20.0,29,29.91
0.271411339,47.0,1,20.0,29,29.88
0.48854041,73.0,2,15.0,29,29.85
0.7056694809999999,75.0,0,9.0,29,29.88
0.816203144,78.0,0,5.0,30,29.88
0.598548972,84.0,0,5.0,30,29.88
0.3808948,75.0,0,0.0,30,29.92
0.163240629,66.0,1,5.0,30,29.94
0.0544135429999999,44.0,1,21.0,30,29.92
0.272067715,55.0,2,20.0,30,29.91
0.489721886,78.0,2,18.0,30,29.91
0.7073760579999999,87.0,1,10.0,30,29.96
0.818181818,90.0,2,8.0,30,29.97
0.6,90.0,2,5.0,30,29.98
0.381818182,84.0,1,0.0,30,30.02
0.163636364,70.0,1,7.0,30,30.03
0.054545455,61.0,3,21.0,30,30.02
0.272727273,70.0,1,18.0,30,30.0
0.490909091,87.0,3,13.0,30,30.0
0.709090909,90.0,2,8.0,30,30.01
0.8201701090000001,90.0,2,5.0,29,30.0
0.60145808,93.0,2,7.0,29,29.99
0.382746051,90.0,3,0.0,29,30.0
0.164034022,73.0,1,3.0,29,30.01
0.054678007,42.0,1,22.0,29,29.98
0.273390036,50.0,1,30.0,29,29.94
0.492102066,53.0,3,14.0,29,29.93
0.710814095,73.0,1,10.0,29,29.96
0.8209500609999999,78.0,2,14.0,28,29.95
0.601705238,90.0,2,15.0,28,29.94
0.3824604139999999,81.0,1,16.0,28,29.97
0.163215591,63.0,1,17.0,28,29.98
0.056029233,48.0,1,28.0,28,29.97
0.275274056,48.0,1,26.0,28,29.93
0.4945188789999999,61.0,0,28.0,28,29.91
0.7137637029999999,72.0,2,20.0,28,29.94
0.82396088,72.0,2,18.0,26,29.96
0.60391198,72.0,2,24.0,26,29.95
0.383863081,72.0,1,17.0,26,29.97
0.163814181,63.0,1,26.0,26,29.99
0.056234719,63.0,1,21.0,26,29.99
0.276283619,65.0,1,23.0,26,29.96
0.4963325179999999,75.0,2,15.0,26,29.94
0.716381418,81.0,1,10.0,26,29.94
0.8259803920000001,83.0,0,3.0,30,29.94
0.605392157,83.0,1,3.0,30,29.93
0.384803922,78.0,0,0.0,30,29.96
0.164215686,70.0,0,5.0,30,29.96
0.056372549,40.0,0,15.0,30,29.93
0.2769607839999999,53.0,0,21.0,30,29.91
0.49754902,72.0,1,9.0,30,29.89
0.718137255,81.0,1,13.0,30,29.92
0.826993865,83.0,1,7.0,30,29.9
0.606134969,83.0,1,6.0,30,29.9
0.3852760739999999,78.0,1,0.0,30,29.93
0.164417178,61.0,2,6.0,30,29.93
0.0564417179999999,53.0,1,14.0,30,29.9
0.277300613,51.0,1,22.0,30,29.85
0.498159509,78.0,1,18.0,30,29.85
0.719018405,83.0,1,16.0,30,29.89
0.82902829,83.0,1,10.0,29,29.87
0.607626076,87.0,1,7.0,29,29.87
0.386223862,84.0,1,8.0,29,29.92
0.164821648,65.0,1,10.0,29,29.92
0.056580566,65.0,1,23.0,29,29.9
0.27798278,73.0,1,25.0,29,29.86
0.4993849939999999,87.0,3,18.0,29,29.86
0.720787208,87.0,3,13.0,29,29.88
0.830864198,87.0,3,6.0,29,29.87
0.608641975,83.0,4,5.0,29,29.86
0.386419753,84.0,4,7.0,29,29.87
0.164197531,73.0,1,13.0,29,29.88
0.0580246909999999,63.0,1,18.0,29,29.85
0.2802469139999999,68.0,1,21.0,29,29.81
0.502469136,87.0,1,18.0,29,29.81
0.724691358,90.0,1,10.0,29,29.84
0.832920792,93.0,4,10.0,30,29.82
0.610148515,87.0,4,6.0,30,29.82
0.387376238,84.0,4,0.0,30,29.85
0.16460396,73.0,2,5.0,30,29.87
0.058168317,66.0,1,6.0,30,29.85
0.280940594,63.0,1,17.0,30,29.82
0.5037128710000001,81.0,1,15.0,30,29.84
0.726485149,78.0,1,6.0,30,29.87
0.8349875929999999,84.0,2,0.0,28,29.86
0.611662531,84.0,3,6.0,28,29.88
0.388337469,81.0,3,7.0,28,29.91
0.165012407,66.0,1,10.0,28,29.92
0.058312655,55.0,1,16.0,28,29.92
0.281637717,65.0,1,21.0,28,29.9
0.504962779,84.0,2,20.0,28,29.91
0.728287841,90.0,4,14.0,28,29.94
0.8381070979999999,87.0,4,6.0,29,29.93
0.613947696,90.0,4,0.0,29,29.91
0.389788294,87.0,4,3.0,29,29.92
0.165628892,75.0,1,3.0,29,29.92
0.0585305109999999,68.0,1,6.0,29,29.87
0.282689913,55.0,2,18.0,29,29.81
0.506849315,70.0,2,15.0,29,29.82
0.731008717,78.0,0,10.0,29,29.86
0.838951311,81.0,1,11.0,29,29.84
0.61423221,84.0,1,8.0,29,29.83
0.3895131089999999,84.0,2,7.0,29,29.88
0.164794007,73.0,2,17.0,29,29.89
0.059925094,63.0,2,21.0,29,29.86
0.284644195,68.0,3,17.0,29,29.86
0.509363296,78.0,3,22.0,29,29.88
0.734082397,81.0,3,14.0,29,29.89
0.8410513140000001,81.0,3,6.0,28,29.87
0.6157697120000001,87.0,2,3.0,28,29.87
0.39048811,87.0,2,6.0,28,29.91
0.165206508,63.0,2,10.0,28,29.94
0.060075094,57.0,2,24.0,28,29.92
0.285356696,65.0,2,29.0,28,29.91
0.5106382979999999,83.0,3,11.0,28,29.91
0.7359199000000001,80.0,3,8.0,28,29.92
0.843161857,80.0,2,8.0,27,29.91
0.617314931,83.0,1,3.0,27,29.91
0.391468005,80.0,1,0.0,27,29.94
0.165621079,68.0,1,3.0,27,29.96
0.060225847,59.0,1,18.0,27,29.95
0.286072773,63.0,1,14.0,27,29.95
0.511919699,75.0,1,14.0,27,29.94
0.737766625,86.0,1,9.0,27,29.97
0.845283019,83.0,1,3.0,29,29.97
0.618867925,83.0,4,5.0,29,29.96
0.39245283,87.0,2,7.0,29,29.99
0.166037736,70.0,1,6.0,29,29.99
0.060377358,66.0,1,6.0,29,29.96
0.286792453,63.0,1,21.0,29,29.92
0.513207547,78.0,1,16.0,29,29.93
0.739622642,90.0,1,15.0,29,29.97
0.8472222220000001,93.0,1,8.0,30,29.99
0.619949495,90.0,4,5.0,30,29.99
0.3926767679999999,87.0,4,5.0,30,30.02
0.16540404,70.0,1,13.0,30,30.03
0.061868687,61.0,1,15.0,30,30.0
0.289141414,70.0,1,23.0,30,29.98
0.516414141,90.0,2,13.0,30,29.99
0.743686869,93.0,1,15.0,30,30.04
0.849367089,93.0,2,10.0,29,30.05
0.6215189870000001,96.0,3,6.0,29,30.04
0.393670886,100.0,4,5.0,29,30.06
0.165822785,78.0,1,3.0,29,30.05
0.062025316,42.0,0,13.0,29,30.0
0.289873418,47.0,3,18.0,29,29.95
0.517721519,47.0,3,22.0,29,29.95
0.74556962,61.0,3,9.0,29,29.98
0.8526048279999999,72.0,3,6.0,29,29.97
0.6238881829999999,52.0,3,0.0,29,29.94
0.395171537,71.0,3,0.0,29,29.97
0.166454892,66.0,3,3.0,29,29.97
0.0622617529999999,36.5,3,5.0,29,29.94
0.290978399,36.5,4,20.0,29,29.91
0.519695044,36.5,4,13.0,29,29.9
0.74841169,45.0,1,6.0,29,29.92
0.85477707,46.0,1,5.0,29,29.9
0.625477707,57.0,1,3.0,29,29.89
0.3961783439999999,66.0,1,0.0,29,29.91
0.166878981,74.0,1,0.0,29,29.9
0.062420382,40.0,1,24.0,29,29.86
0.291719745,43.0,1,30.0,29,29.82
0.521019108,70.0,1,21.0,29,29.81
0.7503184709999999,81.0,1,14.0,29,29.84
0.855683269,90.0,1,18.0,27,29.83
0.6257982120000001,90.0,1,13.0,27,29.84
0.395913155,90.0,2,8.0,27,29.86
0.1660280969999999,75.0,2,14.0,27,29.88
0.06385696,68.0,2,23.0,27,29.86
0.293742018,73.0,2,20.0,27,29.83
0.523627075,84.0,3,17.0,27,29.85
0.753512133,90.0,4,13.0,27,29.87
0.85787452,93.0,4,11.0,27,29.86
0.627400768,90.0,4,11.0,27,29.86
0.3969270170000001,87.0,4,9.0,27,29.9
0.166453265,75.0,4,10.0,27,29.93
0.064020487,66.0,1,15.0,27,29.91
0.294494238,68.0,2,21.0,27,29.88
0.52496799,81.0,2,17.0,27,29.87
0.7554417409999999,81.0,1,11.0,27,29.9
